ingredients,label,calories,protein,carbs,fiber,fat,sugar
"salt, corn syrup, sugar, chocolate, mayonnaise, cheese powder",Weight Loss,351,6,60,4,20,32
"whey isolate, chia seeds, low fat yogurt, cucumber, quinoa, oats",Weight Loss,131,19,7,8,2,3
"cucumber, spinach powder, lentils, flax seeds, berries",Weight Loss,137,23,20,3,8,0
"chocolate, palm oil, refined flour",Weight Gain,376,6,69,5,27,29
"milk solids, yeast, palm oil, vegetable oil, cheese powder",Weight Gain,351,8,60,4,24,14
"whey isolate, low fat yogurt, cucumber, almond, spinach powder",Weight Loss,119,10,27,3,2,4
"almond, quinoa, spinach powder, olive oil",Weight Loss,148,21,27,7,6,3
"salt, yeast, palm oil, vegetable oil, cheese powder",Weight Gain,447,5,51,3,26,11
"quinoa, pea protein, apple, spinach powder, onion",Weight Loss,186,18,7,4,6,0
"whey isolate, cucumber, broccoli, spinach powder, apple, flax seeds, egg",Weight Loss,107,17,24,7,5,1
"apple, broccoli, oats, lentils, quinoa, low fat yogurt",Weight Loss,130,20,25,4,2,4
"lentils, almond, green tea extract, olive oil, flax seeds",Weight Loss,160,15,23,10,6,0
"chocolate, milk solids, salt, ice cream, palm oil",Weight Gain,523,4,51,4,30,13
"cucumber, brown rice, flax seeds, chia seeds, lentils, tomato",Weight Gain,165,19,10,10,7,4
"broccoli, low fat yogurt, spinach powder, lentils, pea protein, green tea extract",Weight Loss,140,23,14,6,8,3
"olive oil, broccoli, flax seeds",Weight Loss,233,19,16,4,7,1
"pea protein, tofu, lentils, low fat yogurt, green tea extract, spinach powder",Weight Loss,174,21,24,5,5,1
"palm oil, ice cream, cheese powder, mayonnaise",Weight Gain,587,8,51,2,17,35
"cheese powder, potato, corn syrup, chocolate, yeast",Weight Gain,533,8,45,1,19,28
"apple, low fat yogurt, whey isolate",Weight Loss,121,22,28,4,3,1
"chocolate, mayonnaise, potato, milk solids, sugar",Weight Gain,346,10,62,2,20,37
"refined flour, ice cream, mayonnaise, potato, corn syrup",Weight Gain,358,7,63,1,23,30
"refined flour, vegetable oil, ice cream, butter, palm oil",Weight Gain,370,6,47,3,30,19
"low fat yogurt, whey isolate, flax seeds, spinach powder, pea protein",Weight Loss,149,18,7,6,5,4
"pea protein, berries, cucumber",Weight Loss,212,19,20,9,3,4
"vegetable oil, cream, mayonnaise, potato, ice cream",Weight Gain,368,9,70,2,22,38
"flax seeds, whey isolate, low fat yogurt, green tea extract",Weight Loss,247,21,12,5,4,3
"low fat yogurt, brown rice, berries",Weight Loss,233,19,5,5,4,2
"quinoa, broccoli, green tea extract, almond, pea protein",Weight Loss,173,15,26,7,2,4
"vegetable oil, ice cream, potato, palm oil, cheese powder",Weight Gain,338,8,56,3,27,35
"butter, chocolate, ice cream, cheese powder",Weight Loss,405,9,59,2,24,14
"corn syrup, ice cream, vegetable oil, mayonnaise, salt",Weight Gain,342,4,54,2,29,13
"corn syrup, salt, potato, refined flour, yeast",Weight Gain,532,9,54,3,26,12
"chia seeds, berries, lentils, oats, low fat yogurt, milk",Weight Loss,197,12,15,6,4,3
"milk solids, butter, vegetable oil, yeast",Weight Gain,355,8,45,2,22,30
"whey isolate, oats, apple, olive oil, milk",Weight Loss,233,10,7,3,8,1
"green tea extract, oats, almond",Weight Loss,111,9,5,7,7,0
"tofu, cucumber, olive oil",Weight Loss,227,25,19,8,5,4
"salt, mayonnaise, vegetable oil, potato, milk",Weight Gain,494,10,47,5,20,25
"brown rice, lentils, cucumber, berries, olive oil",Weight Loss,165,10,16,8,3,5
"quinoa, green tea extract, pea protein",Weight Loss,208,20,13,4,8,1
"berries, olive oil, low fat yogurt, chia seeds",Weight Loss,240,19,9,9,8,3
"cheese powder, palm oil, cream",Weight Gain,352,7,54,2,17,17
"cream, potato, palm oil, butter, chocolate",Weight Gain,391,5,59,4,19,36
"vegetable oil, salt, refined flour, potato, mayonnaise",Weight Gain,561,8,41,3,17,19
"flax seeds, oats, pea protein, spinach powder, broccoli",Weight Loss,235,12,29,5,4,5
"quinoa, almond, berries, oats, green tea extract, whey isolate",Weight Loss,113,11,6,3,4,4
"chocolate, potato, cream, butter, refined flour, salt",Weight Gain,443,4,53,2,22,16
"spinach powder, cucumber, berries, pea protein, lentils",Weight Loss,211,24,13,5,4,3
"pea protein, quinoa, low fat yogurt, lentils",Weight Loss,119,13,27,5,8,0
"ice cream, vegetable oil, cream, milk solids, refined flour, butter",Weight Gain,377,4,51,2,24,21
"apple, tofu, spinach powder, chia seeds, lentils",Weight Loss,248,18,15,5,6,3
"milk solids, chocolate, refined flour",Weight Gain,569,8,64,1,18,37
"pea protein, apple, cucumber, almond, flax seeds, egg",Weight Loss,216,16,9,8,8,2
"chocolate, butter, refined flour, salt, ice cream, potato",Weight Gain,593,4,52,1,16,32
"egg, nuts, bread, tomato, onion",Weight Loss,319,15,14,4,4,9
"rice, onion, bread, nuts, tomato",Weight Loss,365,9,20,4,3,6
"berries, lentils, pea protein, spinach powder",Weight Loss,226,25,17,6,3,3
"broccoli, berries, almond, brown rice",Weight Loss,111,17,27,7,2,4
"milk solids, butter, refined flour, palm oil",Weight Gain,576,8,45,2,15,33
"salt, corn syrup, vegetable oil, ice cream, cheese powder, sugar",Weight Gain,537,6,64,2,28,23
"pea protein, green tea extract, chia seeds",Weight Loss,158,22,14,3,5,3
"milk solids, potato, cheese powder, palm oil, sugar",Weight Gain,540,4,58,5,26,21
"rice, milk, onion, olive oil, tomato",Weight Gain,241,15,47,4,11,5
"palm oil, sugar, ice cream, vegetable oil, yeast, mayonnaise, nuts",Weight Gain,360,6,54,2,15,23
"milk solids, potato, sugar, yeast, corn syrup, cream",Weight Gain,578,7,56,5,27,17
"pea protein, green tea extract, tofu, almond, low fat yogurt, brown rice",Weight Loss,212,12,10,7,2,4
"flax seeds, green tea extract, quinoa",Weight Loss,149,18,13,7,5,0
"butter, milk solids, salt, vegetable oil",Weight Gain,581,6,61,2,19,26
"yeast, salt, potato",Weight Gain,516,5,51,2,19,25
"whey isolate, oats, chia seeds",Weight Loss,141,8,13,10,8,0
"tofu, green tea extract, lentils, quinoa, berries",Weight Loss,209,25,14,8,4,2
"ice cream, yeast, palm oil, potato",Weight Gain,553,5,44,3,28,14
"yeast, chocolate, corn syrup, ice cream, vegetable oil, palm oil",Weight Gain,575,6,54,4,21,28
"vegetable oil, refined flour, chocolate, butter, yeast",Weight Gain,591,4,46,3,22,36
"flax seeds, low fat yogurt, almond, olive oil, broccoli",Weight Loss,247,8,18,8,6,3
"salt, potato, cheese powder, corn syrup, sugar",Weight Gain,409,3,70,1,30,34
"chocolate, salt, corn syrup",Weight Gain,451,3,42,1,24,32
"bread, olive oil, onion, milk, tomato",Weight Gain,269,18,44,3,14,3
"nuts, tomato, milk, onion, egg",Weight Gain,208,6,26,2,6,0
"apple, low fat yogurt, pea protein, berries",Weight Loss,218,20,17,4,4,3
"salt, ice cream, refined flour, corn syrup",Weight Gain,581,7,48,3,28,16
"spinach powder, lentils, berries, almond, cucumber, chia seeds",Weight Loss,123,19,21,10,3,3
"green tea extract, brown rice, lentils, almond, spinach powder, apple",Weight Loss,204,24,29,9,2,2
"flax seeds, olive oil, tofu, quinoa, pea protein",Weight Loss,231,17,27,9,4,5
"yeast, corn syrup, chocolate, palm oil, vegetable oil, refined flour",Weight Gain,536,3,64,5,20,16
"apple, spinach powder, flax seeds",Weight Loss,113,12,5,6,8,5
"almond, broccoli, tofu",Weight Gain,163,21,26,10,7,5
"chia seeds, berries, brown rice, oats, spinach powder, green tea extract",Weight Loss,169,18,29,3,2,2
"almond, oats, olive oil, berries, flax seeds",Weight Loss,208,20,16,7,3,3
"low fat yogurt, brown rice, almond, spinach powder",Weight Loss,175,19,20,8,4,2
"olive oil, lentils, green tea extract, quinoa, flax seeds",Weight Loss,176,25,23,4,8,5
"vegetable oil, butter, salt, ice cream",Weight Gain,302,6,65,5,22,28
"milk solids, salt, ice cream, cheese powder, vegetable oil, palm oil",Weight Gain,487,4,58,5,21,34
"sugar, cheese powder, salt",Weight Gain,375,6,53,3,19,37
"potato, butter, corn syrup",Weight Gain,558,6,67,4,26,23
"green tea extract, tofu, berries, whey isolate, spinach powder, flax seeds",Weight Loss,233,25,12,8,4,0
"chocolate, refined flour, ice cream, salt, corn syrup",Weight Gain,304,8,46,4,27,22
"vegetable oil, refined flour, sugar, potato, palm oil",Weight Gain,548,8,66,4,24,14
"sugar, milk solids, salt",Weight Gain,570,3,44,1,20,11
"almond, brown rice, chia seeds, tofu, whey isolate",Weight Loss,160,10,25,8,6,1
"cheese powder, chocolate, corn syrup",Weight Gain,546,4,47,2,19,35
"tofu, lentils, cucumber",Weight Loss,218,23,14,8,5,1
"lentils, olive oil, flax seeds, pea protein, rice",Weight Loss,169,19,12,8,2,0
"almond, spinach powder, broccoli, brown rice",Weight Loss,106,24,5,8,6,1
"olive oil, berries, lentils, chia seeds, apple",Weight Loss,123,23,13,10,2,5
"olive oil, almond, tofu",Weight Loss,207,10,14,7,3,1
"corn syrup, sugar, butter",Weight Gain,469,3,42,2,23,37
"broccoli, oats, brown rice, pea protein, whey isolate, flax seeds",Weight Loss,246,24,28,3,3,1
"berries, broccoli, flax seeds, pea protein, low fat yogurt, green tea extract",Weight Loss,246,23,11,10,4,5
"flax seeds, olive oil, tofu, lentils, egg",Weight Loss,172,16,19,10,2,1
"cheese powder, yeast, palm oil",Weight Gain,502,10,42,4,22,26
"palm oil, yeast, ice cream, vegetable oil, sugar",Weight Gain,365,3,45,1,22,36
"pea protein, apple, lentils",Weight Loss,107,13,16,10,3,4
"tofu, green tea extract, oats",Weight Loss,230,8,19,6,3,3
"onion, rice, tomato, nuts, bread",Weight Gain,314,15,28,7,3,4
"whey isolate, brown rice, low fat yogurt, tofu, green tea extract, olive oil",Weight Loss,205,23,22,6,4,5
"butter, vegetable oil, refined flour, palm oil, potato",Weight Gain,368,7,52,5,15,20
"cream, milk solids, sugar, palm oil, bread",Weight Gain,556,8,69,4,21,16
"tofu, apple, broccoli, berries",Weight Loss,108,16,30,9,7,3
"corn syrup, sugar, ice cream, cream",Weight Gain,434,10,53,3,26,29
"whey isolate, lentils, brown rice, chia seeds, rice",Weight Loss,250,16,20,6,4,4
"apple, broccoli, low fat yogurt",Weight Loss,232,14,24,4,7,2
"almond, green tea extract, oats",Weight Loss,227,14,5,7,2,2
"refined flour, chocolate, yeast, palm oil, cream, butter",Weight Gain,589,10,66,1,28,39
"low fat yogurt, spinach powder, quinoa, apple, chia seeds, pea protein",Weight Loss,169,14,16,3,6,3
"sugar, palm oil, yeast, salt",Weight Gain,305,8,51,1,20,26
"refined flour, ice cream, corn syrup",Weight Gain,376,10,54,4,15,38
"apple, spinach powder, chia seeds, flax seeds, cucumber, tofu",Weight Loss,170,12,28,6,8,2
"spinach powder, lentils, green tea extract, apple, tofu",Weight Loss,129,18,28,4,3,0
"flax seeds, pea protein, almond, low fat yogurt, apple",Weight Loss,213,12,16,6,4,1
"tofu, oats, pea protein, flax seeds, tomato",Weight Loss,183,12,15,10,3,2
"apple, tofu, oats, quinoa, broccoli",Weight Loss,155,15,30,7,7,0
"refined flour, sugar, milk solids, yeast, corn syrup",Weight Gain,507,4,44,5,29,39
"low fat yogurt, olive oil, apple, almond, spinach powder",Weight Loss,144,14,16,6,2,4
"chia seeds, broccoli, flax seeds, olive oil",Weight Loss,221,23,26,9,6,4
"vegetable oil, mayonnaise, milk solids",Weight Gain,388,4,49,3,23,24
"potato, corn syrup, refined flour, ice cream",Weight Gain,573,5,66,2,23,27
"lentils, tofu, brown rice, quinoa, almond, pea protein",Weight Loss,170,16,5,7,5,4
"sugar, salt, yeast, butter, milk solids, chocolate",Weight Gain,557,8,53,2,21,14
"yeast, chocolate, potato, salt, palm oil",Weight Gain,330,3,57,1,19,25
"brown rice, quinoa, oats",Weight Loss,146,16,9,6,8,1
"salt, cheese powder, yeast",Weight Gain,307,8,53,5,25,38
"yeast, corn syrup, refined flour, chocolate, sugar",Weight Gain,507,10,56,5,20,29
"potato, salt, yeast, cheese powder, vegetable oil",Weight Gain,324,10,69,4,29,17
"butter, refined flour, palm oil, corn syrup",Weight Gain,343,9,63,1,28,22
"low fat yogurt, lentils, apple",Weight Loss,199,14,19,10,7,4
"almond, lentils, whey isolate, cucumber, chia seeds, tofu",Weight Loss,145,18,10,6,6,5
"rice, nuts, egg, onion, olive oil",Weight Loss,280,10,33,5,2,7
"spinach powder, lentils, berries",Weight Loss,168,25,15,9,5,3
"apple, brown rice, chia seeds, almond, quinoa, cucumber",Weight Loss,236,18,14,8,2,4
"corn syrup, butter, refined flour, mayonnaise, ice cream",Weight Gain,530,7,48,5,29,32
"broccoli, lentils, olive oil, spinach powder, tofu, low fat yogurt",Weight Loss,225,15,23,7,4,2
"low fat yogurt, flax seeds, apple, whey isolate, spinach powder",Weight Loss,180,8,8,10,3,4
"potato, refined flour, chocolate, palm oil, salt",Weight Gain,571,3,52,5,16,24
"yeast, milk solids, potato, cheese powder, salt",Weight Gain,329,9,52,4,23,26
"spinach powder, flax seeds, green tea extract",Weight Loss,199,14,20,10,8,5
"refined flour, vegetable oil, potato, mayonnaise, milk solids",Weight Gain,525,9,47,5,18,16
"oats, green tea extract, whey isolate, milk",Weight Loss,101,13,22,7,6,1
"yeast, butter, sugar, palm oil, vegetable oil",Weight Gain,534,10,47,5,24,18
"salt, cheese powder, cream, ice cream, sugar, milk solids",Weight Gain,530,7,69,1,29,17
"chocolate, cheese powder, palm oil",Weight Gain,592,8,41,4,26,33
"cream, refined flour, cheese powder, yeast, salt",Weight Gain,367,6,42,1,25,31
"corn syrup, salt, refined flour, milk solids, cream",Weight Gain,438,6,68,3,17,36
"cheese powder, corn syrup, cream, milk solids",Weight Gain,451,5,43,3,27,33
"cream, ice cream, yeast, sugar, refined flour, salt",Weight Gain,402,8,48,3,17,23
"sugar, yeast, cheese powder",Weight Gain,465,4,47,5,30,33
"potato, vegetable oil, yeast, salt",Weight Gain,413,5,44,2,27,34
"potato, ice cream, palm oil, egg",Weight Gain,579,8,44,2,16,32
"broccoli, apple, olive oil, quinoa, cucumber",Weight Loss,174,11,14,6,3,5
"yeast, corn syrup, milk solids, ice cream, butter, vegetable oil",Weight Gain,568,3,54,4,20,27
"chocolate, sugar, mayonnaise",Weight Gain,532,3,47,1,20,40
"brown rice, tofu, whey isolate, almond, apple",Weight Loss,218,21,28,10,7,3
"corn syrup, cheese powder, chocolate, mayonnaise, potato",Weight Gain,426,7,57,4,22,15
"apple, spinach powder, flax seeds, olive oil",Weight Loss,127,20,28,4,8,2
"corn syrup, mayonnaise, salt, milk solids, palm oil",Weight Gain,480,7,63,2,19,16
"ice cream, palm oil, vegetable oil, yeast",Weight Gain,377,3,63,5,23,17
"lentils, spinach powder, tofu, cucumber",Weight Loss,107,12,26,9,7,0
"corn syrup, vegetable oil, cream, milk solids",Weight Gain,493,3,40,5,22,35
"cream, yeast, vegetable oil, potato, ice cream, tomato",Weight Gain,429,9,68,5,22,28
"quinoa, low fat yogurt, brown rice, lentils",Weight Loss,248,13,7,6,5,2
"lentils, almond, quinoa",Weight Loss,111,16,22,9,5,3
"yeast, corn syrup, cream",Weight Gain,575,3,63,3,26,12
"berries, olive oil, apple, lentils, brown rice",Weight Loss,209,16,7,5,7,4
"chia seeds, tofu, brown rice",Weight Loss,124,8,6,8,6,1
"chocolate, sugar, milk solids, refined flour, cream",Weight Gain,403,3,61,4,23,31
"palm oil, ice cream, cream, corn syrup, chocolate",Weight Gain,400,5,51,4,24,12
"palm oil, corn syrup, sugar",Weight Gain,489,4,65,2,17,34
"apple, spinach powder, cucumber, almond, flax seeds",Weight Loss,216,9,10,3,6,3
"green tea extract, whey isolate, tofu",Weight Loss,217,18,13,7,7,5
"chocolate, refined flour, corn syrup",Weight Gain,364,3,56,1,22,40
"refined flour, cream, ice cream, yeast",Weight Gain,412,4,52,3,18,19
"refined flour, yeast, cream, palm oil, vegetable oil",Weight Gain,342,9,45,3,26,30
"ice cream, mayonnaise, vegetable oil, cheese powder, sugar, milk solids, nuts",Weight Gain,460,5,59,5,26,13
"cream, chocolate, ice cream, palm oil",Weight Gain,419,7,67,2,25,11
"vegetable oil, butter, palm oil, milk solids, yeast, onion",Weight Gain,512,7,58,5,29,39
"salt, milk solids, cream",Weight Gain,471,8,69,2,22,29
"olive oil, oats, whey isolate, brown rice",Weight Loss,160,23,15,10,4,1
"whey isolate, oats, flax seeds, lentils",Weight Loss,102,13,20,3,6,4
"brown rice, berries, almond, quinoa",Weight Loss,201,19,20,4,6,1
"refined flour, potato, butter, chocolate",Weight Gain,441,6,56,5,30,33
"yeast, corn syrup, ice cream, mayonnaise",Weight Gain,583,7,41,4,18,22
"ice cream, potato, salt, corn syrup, yeast",Weight Gain,471,3,69,4,30,40
"sugar, refined flour, chocolate",Weight Gain,351,3,60,2,17,37
"whey isolate, spinach powder, almond",Weight Loss,183,23,15,4,3,5
"cream, sugar, chocolate, salt, palm oil, butter",Weight Gain,306,9,52,3,22,27
"apple, whey isolate, lentils, oats",Weight Loss,185,18,23,4,2,3
"olive oil, rice, tomato, onion, nuts",Weight Loss,285,11,49,3,12,0
"spinach powder, flax seeds, apple, almond, berries",Weight Loss,120,22,30,4,3,2
"oats, spinach powder, lentils, whey isolate",Weight Loss,242,10,9,10,6,4
"chocolate, corn syrup, cream, vegetable oil",Weight Gain,562,6,43,1,29,40
"green tea extract, broccoli, low fat yogurt, cucumber, chia seeds, apple",Weight Loss,128,22,17,7,4,3
"cucumber, low fat yogurt, almond, chia seeds, berries, apple",Weight Loss,127,19,9,10,3,2
"oats, berries, olive oil, pea protein",Weight Loss,146,23,11,10,8,5
"milk solids, vegetable oil, chocolate",Weight Gain,535,9,53,4,29,38
"salt, cream, yeast, sugar",Weight Gain,592,4,55,5,26,39
"ice cream, butter, sugar",Weight Gain,584,7,50,1,19,13
"mayonnaise, refined flour, potato, vegetable oil, palm oil, milk solids",Weight Gain,516,3,70,2,21,24
"lentils, pea protein, brown rice, flax seeds, broccoli, berries",Weight Loss,210,8,5,5,7,2
"low fat yogurt, whey isolate, quinoa, bread",Weight Loss,238,12,9,3,8,4
"refined flour, milk solids, mayonnaise",Weight Gain,487,4,68,3,19,20
"tofu, spinach powder, whey isolate, green tea extract, low fat yogurt, chia seeds",Weight Loss,207,24,29,3,4,4
"low fat yogurt, quinoa, cucumber, tofu, flax seeds, chia seeds",Weight Loss,157,10,21,10,3,2
"berries, whey isolate, apple, oats, pea protein, tofu",Weight Loss,225,16,25,8,6,5
"cucumber, berries, chia seeds, egg",Weight Loss,137,19,23,4,4,5
"refined flour, cheese powder, yeast",Weight Gain,461,4,67,2,23,20
"oats, cucumber, apple, broccoli, flax seeds, brown rice, onion",Weight Loss,130,18,11,3,8,1
"cucumber, almond, lentils, whey isolate, oats, olive oil",Weight Loss,195,11,8,9,3,0
"cream, chocolate, sugar, salt",Weight Gain,531,7,41,1,20,38
"apple, pea protein, olive oil",Weight Loss,172,13,22,10,8,1
"vegetable oil, sugar, cream, chocolate, cheese powder",Weight Gain,335,7,49,2,20,32
"sugar, yeast, cheese powder",Weight Gain,584,8,68,2,21,10
"tofu, chia seeds, lentils, oats, broccoli",Weight Loss,113,16,17,10,7,3
"cream, salt, milk solids, mayonnaise, corn syrup",Weight Gain,508,3,44,4,19,23
"ice cream, cream, mayonnaise",Weight Gain,315,7,40,2,25,35
"cream, potato, refined flour, milk solids",Weight Gain,491,7,59,2,28,27
"vegetable oil, mayonnaise, salt, palm oil, sugar",Weight Gain,457,7,47,5,22,36
"palm oil, refined flour, salt, milk solids",Weight Gain,374,5,47,4,18,19
"green tea extract, tofu, chia seeds",Weight Loss,224,12,28,5,5,0
"palm oil, cheese powder, vegetable oil",Weight Gain,357,6,44,4,24,21
"cheese powder, vegetable oil, chocolate, ice cream, yeast, corn syrup",Weight Gain,340,8,69,1,15,39
"oats, flax seeds, green tea extract",Weight Loss,131,13,20,7,5,3
"sugar, chocolate, yeast, refined flour",Weight Gain,519,8,58,2,20,37
"chocolate, vegetable oil, mayonnaise, cream, corn syrup, palm oil, tomato",Weight Gain,469,3,66,2,18,12
"whey isolate, lentils, low fat yogurt, almond",Weight Loss,172,14,8,7,8,4
"palm oil, milk solids, cheese powder",Weight Gain,440,5,48,2,27,17
"brown rice, tofu, pea protein",Weight Loss,121,20,10,4,5,2
"olive oil, flax seeds, lentils, berries, cucumber, spinach powder",Weight Loss,157,15,28,10,6,5
"cheese powder, corn syrup, butter, cream, milk solids, ice cream",Weight Gain,325,8,62,1,16,38
"whey isolate, tofu, berries, quinoa, cucumber",Weight Loss,189,15,18,6,8,4
"butter, mayonnaise, vegetable oil, milk solids, rice",Weight Gain,352,9,42,1,29,34
"spinach powder, brown rice, cucumber, pea protein, tofu",Weight Loss,109,10,5,3,4,5
"tofu, olive oil, lentils, whey isolate, low fat yogurt, bread",Weight Loss,105,22,8,3,5,5
"flax seeds, pea protein, chia seeds",Weight Loss,175,9,24,8,8,0
"corn syrup, vegetable oil, salt",Weight Gain,376,5,64,2,27,39
"vegetable oil, mayonnaise, corn syrup, yeast",Weight Gain,340,8,44,2,26,31
"brown rice, pea protein, low fat yogurt",Weight Loss,225,17,5,9,5,3
"potato, ice cream, milk solids, palm oil, yeast, vegetable oil",Weight Gain,507,6,40,5,27,10
"yeast, vegetable oil, cream",Weight Gain,483,4,60,2,18,38
"olive oil, rice, tomato, nuts, egg",Weight Gain,318,8,10,3,9,1
"egg, bread, rice, tomato, onion",Weight Gain,327,16,46,6,2,4
"potato, salt, refined flour, ice cream, mayonnaise",Weight Gain,479,3,55,1,20,28
"tofu, flax seeds, broccoli",Weight Loss,181,17,25,8,8,3
"refined flour, mayonnaise, palm oil, salt, butter, yeast",Weight Gain,379,7,44,4,25,29
"cucumber, whey isolate, olive oil, brown rice, chia seeds",Weight Loss,215,8,25,6,4,2
"palm oil, corn syrup, salt",Weight Gain,397,5,54,5,19,24
"tofu, whey isolate, spinach powder, apple, quinoa",Weight Loss,172,21,13,5,2,5
"salt, mayonnaise, corn syrup, refined flour, palm oil, yeast",Weight Gain,573,3,47,4,21,32
"berries, spinach powder, whey isolate",Weight Loss,238,24,17,5,4,5
"chia seeds, oats, green tea extract",Weight Loss,240,11,6,10,5,1
"broccoli, pea protein, brown rice, chia seeds, olive oil, tofu",Weight Loss,170,12,18,6,7,5
"chocolate, sugar, yeast, butter, cream, salt",Weight Gain,567,9,59,1,19,22
"cheese powder, corn syrup, potato, yeast, vegetable oil, mayonnaise",Weight Gain,360,3,66,3,23,29
"chia seeds, brown rice, olive oil, low fat yogurt",Weight Loss,227,24,30,6,2,3
"tofu, lentils, cucumber, chia seeds",Weight Loss,122,19,13,4,2,2
"corn syrup, ice cream, palm oil, milk solids",Weight Gain,598,9,55,3,27,23
"tofu, berries, chia seeds, broccoli, lentils",Weight Loss,219,13,22,5,2,2
"ice cream, cream, salt",Weight Gain,376,5,51,2,26,38
"oats, broccoli, flax seeds, low fat yogurt, whey isolate, green tea extract",Weight Loss,149,11,21,5,7,2
"refined flour, vegetable oil, palm oil",Weight Gain,473,4,42,3,28,39
"yeast, cheese powder, butter",Weight Gain,552,6,68,1,20,20
"almond, berries, lentils, chia seeds",Weight Loss,244,9,27,10,3,5
"mayonnaise, refined flour, cream, palm oil",Weight Gain,326,5,56,4,16,18
"cheese powder, vegetable oil, refined flour, ice cream, mayonnaise",Weight Gain,375,5,63,1,16,15
"green tea extract, almond, broccoli, pea protein, cucumber",Weight Loss,148,25,21,4,5,5
"brown rice, chia seeds, low fat yogurt, berries",Weight Loss,108,21,6,5,2,2
"whey isolate, lentils, apple, olive oil, low fat yogurt",Weight Loss,152,12,28,4,2,1
"chocolate, cheese powder, refined flour, ice cream, butter, salt",Weight Gain,478,8,69,3,25,23
"palm oil, butter, mayonnaise, potato, chocolate, cheese powder",Weight Gain,498,7,66,4,20,39
"cream, butter, cheese powder, vegetable oil, mayonnaise, refined flour",Weight Gain,565,6,42,3,15,35
"berries, flax seeds, olive oil, apple, lentils, chia seeds",Weight Loss,240,18,13,4,4,4
"yeast, sugar, butter, corn syrup",Weight Gain,455,7,44,2,18,14
"sugar, chocolate, refined flour",Weight Gain,497,5,64,3,22,34
"flax seeds, tofu, apple, broccoli, quinoa",Weight Loss,164,14,10,10,7,1
"oats, green tea extract, flax seeds, spinach powder, quinoa, almond",Weight Loss,125,21,10,9,6,2
"egg, olive oil, onion, nuts, tomato",Weight Gain,252,10,20,2,8,2
"broccoli, spinach powder, berries, oats",Weight Loss,126,9,23,9,4,0
"apple, quinoa, brown rice, lentils, cucumber, berries",Weight Loss,160,25,30,5,5,2
"olive oil, tofu, chia seeds, berries, pea protein, lentils",Weight Loss,113,20,29,8,3,1
"flax seeds, brown rice, oats, green tea extract, chia seeds, almond",Weight Loss,173,13,21,6,5,1
"green tea extract, brown rice, oats, chia seeds, olive oil",Weight Loss,118,14,11,4,5,3
"oats, almond, lentils, low fat yogurt, quinoa",Weight Loss,180,8,9,5,4,0
"cheese powder, butter, sugar, refined flour, chocolate",Weight Gain,449,9,51,2,25,21
"cucumber, brown rice, broccoli, berries, chia seeds",Weight Loss,206,9,11,8,8,5
"milk solids, mayonnaise, refined flour, egg",Weight Gain,588,3,60,1,24,23
"low fat yogurt, apple, green tea extract, flax seeds, lentils, olive oil",Weight Gain,236,13,7,9,5,4
"ice cream, corn syrup, butter, cheese powder, potato, yeast, tomato",Weight Gain,403,9,41,2,22,33
"green tea extract, cucumber, spinach powder, chia seeds",Weight Loss,180,11,7,5,7,2
"lentils, green tea extract, olive oil, low fat yogurt, berries, chia seeds",Weight Loss,113,21,28,10,5,5
"potato, vegetable oil, cheese powder, butter, refined flour, ice cream",Weight Gain,346,3,49,3,23,12
"vegetable oil, corn syrup, yeast, refined flour, butter, potato",Weight Gain,406,5,43,4,23,14
"palm oil, sugar, cheese powder, mayonnaise, chocolate",Weight Gain,591,5,59,4,25,24
"chocolate, milk solids, mayonnaise, milk",Weight Gain,309,10,67,4,17,39
"berries, olive oil, spinach powder",Weight Loss,231,23,14,6,4,4
"whey isolate, berries, oats",Weight Loss,175,14,23,3,7,5
"cucumber, low fat yogurt, tofu, olive oil, berries, whey isolate",Weight Loss,133,17,16,4,8,3
"cheese powder, milk solids, ice cream, vegetable oil",Weight Gain,458,4,70,5,22,29
"milk solids, mayonnaise, potato, vegetable oil",Weight Gain,576,6,62,2,18,19
"ice cream, yeast, mayonnaise, palm oil",Weight Gain,548,5,52,1,19,14
"almond, olive oil, low fat yogurt",Weight Loss,191,14,8,5,6,4
"cheese powder, cream, mayonnaise, milk solids, salt",Weight Gain,359,10,48,3,22,12
"butter, corn syrup, vegetable oil, mayonnaise, potato",Weight Gain,400,10,60,4,21,11
"whey isolate, spinach powder, oats, olive oil",Weight Loss,238,25,6,8,8,3
"refined flour, vegetable oil, salt, chocolate, ice cream",Weight Gain,586,4,68,1,21,27
"chia seeds, almond, olive oil",Weight Loss,138,24,11,3,7,4
"cream, yeast, salt",Weight Gain,359,3,69,1,22,20
"mayonnaise, potato, cheese powder",Weight Gain,391,9,53,2,19,13
"refined flour, salt, palm oil, vegetable oil, yeast, milk solids",Weight Loss,409,7,63,1,28,27
"vegetable oil, cream, yeast, cheese powder, salt, milk solids",Weight Gain,497,3,68,3,30,38
"corn syrup, chocolate, ice cream, sugar",Weight Gain,357,4,48,4,23,22
"low fat yogurt, berries, tofu, cucumber",Weight Loss,191,25,28,5,7,4
"yeast, mayonnaise, refined flour",Weight Gain,434,9,53,3,22,37
"vegetable oil, butter, refined flour, chocolate, ice cream, mayonnaise",Weight Gain,554,8,41,1,21,12
"milk solids, ice cream, mayonnaise",Weight Gain,331,3,53,1,23,34
"yeast, chocolate, refined flour, vegetable oil, potato, cheese powder",Weight Gain,322,7,46,1,30,34
"milk solids, cheese powder, chocolate",Weight Gain,535,4,60,3,28,40
"salt, refined flour, corn syrup, chocolate",Weight Gain,376,10,70,4,26,20
"butter, yeast, cheese powder, salt",Weight Gain,521,5,68,3,21,19
"quinoa, flax seeds, whey isolate, green tea extract, lentils",Weight Loss,166,18,29,6,3,1
"cheese powder, corn syrup, butter, sugar, ice cream, mayonnaise",Weight Gain,372,3,56,3,25,40
"salt, butter, milk solids, cream, corn syrup",Weight Gain,311,3,49,2,26,16
"spinach powder, whey isolate, brown rice, quinoa, broccoli, low fat yogurt",Weight Loss,161,20,29,3,8,1
"berries, almond, broccoli, tofu, tomato",Weight Loss,243,9,10,8,2,2
"lentils, green tea extract, chia seeds, quinoa, tofu",Weight Loss,136,12,29,9,4,5
"butter, refined flour, salt, cream, ice cream, yeast",Weight Gain,450,6,60,4,24,38
"lentils, tofu, chia seeds, cucumber, quinoa, berries",Weight Loss,208,8,9,6,6,4
"brown rice, chia seeds, berries, low fat yogurt, whey isolate",Weight Loss,124,21,25,6,7,2
"palm oil, mayonnaise, salt",Weight Gain,591,6,49,3,24,38
"butter, corn syrup, refined flour, potato",Weight Gain,496,3,43,3,16,20
"spinach powder, cucumber, green tea extract, apple, brown rice",Weight Loss,205,9,22,3,8,5
"vegetable oil, cream, refined flour, cheese powder",Weight Gain,337,4,61,4,30,38
"milk solids, corn syrup, sugar, butter, chocolate, egg",Weight Gain,318,6,57,4,26,10
"broccoli, olive oil, green tea extract, pea protein",Weight Loss,104,24,20,4,7,2
"lentils, spinach powder, pea protein, green tea extract, broccoli",Weight Loss,184,15,29,6,7,5
"yeast, cheese powder, corn syrup, potato, salt, olive oil",Weight Gain,467,8,59,4,27,14
"sugar, butter, corn syrup, potato, chocolate, yeast, bread",Weight Gain,316,8,67,4,15,30
"cucumber, spinach powder, lentils, brown rice, green tea extract",Weight Loss,230,24,6,7,3,0
"chia seeds, lentils, apple",Weight Loss,151,12,8,5,6,5
"pea protein, olive oil, tofu, green tea extract",Weight Loss,219,15,19,10,4,2
"lentils, broccoli, low fat yogurt, oats, pea protein",Weight Loss,200,21,24,8,5,0
"pea protein, chia seeds, olive oil, flax seeds, lentils",Weight Loss,158,10,18,3,5,2
"oats, spinach powder, flax seeds, almond, berries",Weight Loss,179,14,15,6,3,1
"oats, chia seeds, green tea extract, almond, tofu",Weight Loss,164,22,18,9,6,1
"ice cream, chocolate, corn syrup, milk solids",Weight Gain,525,6,46,2,25,22
"spinach powder, tofu, lentils, pea protein, green tea extract",Weight Loss,173,19,10,7,5,5
"spinach powder, quinoa, pea protein, apple",Weight Loss,166,21,19,5,2,5
"milk solids, mayonnaise, chocolate, vegetable oil",Weight Gain,324,3,57,2,19,31
"cream, butter, palm oil, cheese powder, yeast",Weight Gain,569,3,52,5,23,38
"lentils, whey isolate, broccoli, oats, low fat yogurt, olive oil",Weight Loss,172,19,9,5,4,2
"potato, salt, cream",Weight Gain,408,8,55,4,19,19
"spinach powder, green tea extract, brown rice, oats, berries, tomato",Weight Loss,136,13,13,5,3,3
"mayonnaise, corn syrup, yeast, ice cream, vegetable oil",Weight Gain,455,5,53,2,15,23
"broccoli, low fat yogurt, almond, berries, oats",Weight Loss,174,8,9,5,3,3
"brown rice, lentils, whey isolate, apple, nuts",Weight Loss,179,24,10,7,7,4
"vegetable oil, butter, palm oil, potato, refined flour",Weight Gain,566,10,41,4,22,39
"palm oil, yeast, corn syrup, sugar, chocolate",Weight Gain,494,3,70,1,16,26
"whey isolate, oats, low fat yogurt",Weight Loss,101,19,12,7,6,0
"yeast, cream, corn syrup, potato, mayonnaise",Weight Gain,571,4,64,2,26,21
"tofu, berries, quinoa, whey isolate",Weight Loss,176,10,9,10,5,0
"cheese powder, chocolate, ice cream, milk solids",Weight Gain,588,5,47,2,28,25
"almond, cucumber, berries",Weight Loss,238,19,12,5,8,1
"cucumber, chia seeds, berries",Weight Loss,119,17,23,5,6,2
"ice cream, milk solids, vegetable oil, chocolate, mayonnaise",Weight Gain,419,9,59,4,17,18
"flax seeds, whey isolate, quinoa, almond, milk",Weight Loss,195,23,22,9,3,4
"green tea extract, lentils, spinach powder, almond, brown rice",Weight Loss,233,14,29,9,8,5
"chia seeds, tofu, berries, cucumber, oats, pea protein",Weight Loss,157,19,12,7,3,5
"cheese powder, potato, chocolate",Weight Gain,591,10,68,5,26,34
"pea protein, brown rice, broccoli",Weight Loss,247,25,8,3,6,2
"ice cream, mayonnaise, butter, sugar, vegetable oil",Weight Gain,424,9,60,3,26,26
"flax seeds, whey isolate, spinach powder, low fat yogurt",Weight Loss,166,8,28,8,4,3
"almond, chia seeds, quinoa, flax seeds, bread",Weight Loss,218,22,7,9,7,1
"olive oil, green tea extract, cucumber, broccoli",Weight Loss,177,14,8,8,7,5
"cream, milk solids, yeast, potato, vegetable oil, rice",Weight Gain,427,9,69,1,19,24
"cheese powder, butter, salt, mayonnaise",Weight Gain,321,10,47,2,24,37
"berries, almond, brown rice",Weight Loss,214,15,27,4,8,2
"vegetable oil, mayonnaise, palm oil, refined flour",Weight Gain,411,4,55,1,30,28
"spinach powder, flax seeds, brown rice, tofu, egg",Weight Loss,242,16,28,7,6,4
"cream, milk solids, corn syrup, mayonnaise",Weight Gain,581,4,65,4,15,16
"cream, refined flour, butter, ice cream, salt, chocolate",Weight Gain,364,6,45,2,20,16
"milk solids, butter, sugar, cream, yeast",Weight Gain,426,10,52,2,24,21
"bread, rice, onion, tomato, egg",Weight Loss,298,16,48,2,3,3
"refined flour, potato, ice cream, palm oil, sugar, cream",Weight Gain,550,3,65,5,20,10
"corn syrup, chocolate, salt, yeast",Weight Gain,421,6,54,3,17,20
"green tea extract, quinoa, brown rice, apple, olive oil",Weight Loss,177,21,27,5,6,4
"corn syrup, cream, cheese powder",Weight Gain,354,5,45,1,17,29
"spinach powder, chia seeds, cucumber, apple, green tea extract",Weight Loss,240,12,24,10,5,0
"berries, whey isolate, quinoa, olive oil, brown rice",Weight Loss,210,10,15,9,6,4
"pea protein, apple, berries, brown rice, cucumber",Weight Loss,232,14,19,10,7,1
"broccoli, apple, oats, low fat yogurt",Weight Loss,217,10,27,7,8,3
"olive oil, green tea extract, oats",Weight Loss,171,18,17,9,6,4
"berries, broccoli, olive oil, oats",Weight Loss,241,18,25,6,8,5
"cream, milk solids, yeast, potato, butter, tomato",Weight Gain,427,8,44,1,22,12
"milk solids, yeast, potato, butter, palm oil, salt",Weight Gain,558,3,63,5,27,12
"brown rice, almond, oats, olive oil",Weight Loss,222,21,25,4,6,4
"butter, chocolate, corn syrup, yeast, refined flour",Weight Gain,420,5,55,1,19,27
"refined flour, yeast, vegetable oil, ice cream, butter, salt",Weight Gain,550,5,56,3,22,39
"milk solids, cheese powder, palm oil",Weight Gain,331,3,52,5,15,30
"palm oil, vegetable oil, butter, potato",Weight Gain,388,9,68,2,22,35
"corn syrup, butter, ice cream, chocolate, vegetable oil",Weight Gain,541,9,52,4,24,23
"pea protein, spinach powder, cucumber, olive oil",Weight Loss,170,19,26,3,5,1
"oats, whey isolate, almond, brown rice",Weight Loss,240,21,15,7,6,3
"flax seeds, broccoli, cucumber, green tea extract",Weight Loss,108,11,6,3,4,4
"chocolate, mayonnaise, salt, butter",Weight Gain,308,6,51,2,15,18
"low fat yogurt, brown rice, whey isolate, tofu",Weight Loss,145,21,7,7,3,0
"lentils, oats, whey isolate, flax seeds, olive oil, cucumber",Weight Loss,230,24,15,8,3,4
"quinoa, flax seeds, olive oil, pea protein, broccoli",Weight Loss,166,17,5,8,4,5
"corn syrup, refined flour, ice cream, chocolate",Weight Gain,562,6,64,4,17,18
"yeast, chocolate, cream, milk solids, salt",Weight Gain,554,8,55,5,23,17
"palm oil, salt, ice cream, corn syrup, milk",Weight Gain,364,9,58,2,27,15
"berries, oats, whey isolate, lentils, spinach powder, cucumber",Weight Loss,188,10,27,4,7,3
"apple, cucumber, flax seeds, chia seeds, low fat yogurt, brown rice",Weight Loss,155,23,12,5,8,2
"olive oil, flax seeds, tofu",Weight Loss,241,16,23,4,4,1
"refined flour, salt, corn syrup, sugar",Weight Gain,445,8,59,2,15,21
"tofu, flax seeds, whey isolate, lentils",Weight Loss,244,8,21,7,4,5
"almond, spinach powder, flax seeds, tofu",Weight Loss,217,16,15,9,8,1
"milk solids, chocolate, cream, corn syrup, mayonnaise, palm oil",Weight Gain,400,8,53,5,26,25
"rice, olive oil, tomato, nuts, milk",Weight Gain,258,13,42,6,13,8
"mayonnaise, butter, cream, potato",Weight Gain,444,8,44,5,19,19
"oats, tofu, apple, spinach powder, broccoli",Weight Loss,210,20,26,3,6,2
"almond, apple, pea protein, green tea extract, cucumber",Weight Loss,165,18,14,4,3,2
"refined flour, butter, palm oil, mayonnaise, chocolate",Weight Gain,480,5,63,3,15,32
"milk solids, vegetable oil, potato",Weight Gain,450,10,43,4,21,35
"oats, whey isolate, quinoa, olive oil, almond, pea protein",Weight Loss,135,11,27,7,4,3
"quinoa, almond, low fat yogurt, lentils, brown rice, egg",Weight Loss,239,12,17,6,5,5
"cream, butter, palm oil, cheese powder, corn syrup, ice cream",Weight Gain,405,8,65,1,29,36
"nuts, milk, olive oil, rice, bread",Weight Gain,284,10,39,2,14,4
"almond, broccoli, tofu, lentils, whey isolate, oats",Weight Loss,120,25,10,10,6,0
"apple, oats, whey isolate, berries, chia seeds, spinach powder",Weight Loss,246,10,9,6,2,5
"yeast, chocolate, cream, ice cream, corn syrup, potato",Weight Gain,376,6,59,2,26,19
"chocolate, cream, refined flour, milk solids, corn syrup, mayonnaise",Weight Gain,511,8,68,2,18,35
"ice cream, vegetable oil, milk solids",Weight Gain,346,5,43,4,21,25
"corn syrup, refined flour, ice cream",Weight Gain,307,6,53,4,17,15
"salt, mayonnaise, refined flour, palm oil, onion",Weight Gain,594,10,67,5,22,40
"butter, salt, cheese powder, cream, ice cream",Weight Gain,509,3,52,4,21,39
"broccoli, low fat yogurt, oats, spinach powder, lentils",Weight Loss,104,23,24,4,6,2
"potato, refined flour, sugar, mayonnaise",Weight Gain,485,4,43,3,20,39
"egg, bread, onion, rice, tomato",Weight Gain,204,6,38,6,8,9
"tofu, spinach powder, lentils, flax seeds",Weight Loss,208,9,30,7,3,0
"almond, broccoli, spinach powder, apple, tomato",Weight Loss,113,24,28,3,5,2
"cheese powder, butter, vegetable oil",Weight Gain,573,5,53,3,29,35
"potato, corn syrup, yeast",Weight Gain,538,7,46,3,23,15
"almond, green tea extract, low fat yogurt, onion",Weight Loss,139,13,6,4,6,4
"cucumber, low fat yogurt, broccoli, chia seeds, tofu, pea protein, egg",Weight Loss,227,18,6,6,6,2
"egg, rice, milk, bread, olive oil",Weight Gain,336,13,49,4,5,1
"apple, flax seeds, spinach powder, almond",Weight Loss,245,20,19,4,3,3
"broccoli, almond, tofu",Weight Loss,208,23,18,10,4,5
"cheese powder, sugar, butter, palm oil",Weight Gain,523,9,66,4,29,26
"cucumber, olive oil, flax seeds, almond, lentils, chia seeds",Weight Loss,119,22,18,5,2,3
"broccoli, apple, flax seeds, oats, low fat yogurt",Weight Loss,201,19,5,8,6,2
"chocolate, cheese powder, vegetable oil",Weight Gain,505,9,65,5,21,40
"refined flour, sugar, mayonnaise",Weight Loss,320,9,40,5,17,28
"egg, rice, milk, bread, tomato",Weight Loss,357,9,31,7,9,8
"whey isolate, almond, oats, spinach powder, apple, chia seeds",Weight Loss,133,24,18,3,2,0
"brown rice, flax seeds, tofu, olive oil",Weight Loss,241,23,16,8,4,4
"cheese powder, vegetable oil, salt, palm oil, yeast, cream",Weight Gain,432,10,41,5,26,21
"green tea extract, quinoa, oats, broccoli, lentils",Weight Loss,149,18,5,7,5,1
"chia seeds, quinoa, almond, pea protein",Weight Loss,250,9,6,9,4,3
"pea protein, green tea extract, quinoa, flax seeds, low fat yogurt",Weight Loss,192,21,18,6,3,2
"cucumber, flax seeds, pea protein",Weight Loss,206,17,30,4,6,1
"cream, yeast, salt",Weight Gain,523,8,41,4,26,28
"ice cream, palm oil, sugar",Weight Gain,474,4,46,3,26,12
"cheese powder, cream, sugar",Weight Gain,391,4,57,4,20,40
"low fat yogurt, tofu, spinach powder",Weight Loss,185,13,29,6,7,5
"salt, butter, cream",Weight Gain,390,7,60,4,17,19
"green tea extract, apple, almond",Weight Loss,186,19,21,5,5,3
"apple, oats, berries, spinach powder",Weight Loss,195,12,15,6,6,1
"tofu, low fat yogurt, chia seeds",Weight Loss,245,19,10,6,5,4
"yeast, sugar, refined flour, ice cream",Weight Gain,594,5,42,4,29,33
"potato, chocolate, yeast, corn syrup",Weight Gain,477,8,69,5,25,21
"potato, mayonnaise, ice cream, salt, cheese powder, vegetable oil",Weight Gain,422,9,43,4,29,31
"tofu, spinach powder, flax seeds, brown rice",Weight Loss,162,13,13,8,7,0
"brown rice, spinach powder, quinoa, low fat yogurt",Weight Loss,118,10,15,8,2,1
"tofu, spinach powder, brown rice, whey isolate, apple, berries",Weight Loss,185,13,29,6,8,0
"mayonnaise, yeast, butter, ice cream, vegetable oil, corn syrup",Weight Gain,409,8,60,5,16,19
"refined flour, vegetable oil, potato, cheese powder, sugar, nuts",Weight Gain,321,7,49,5,26,39
"yeast, milk solids, vegetable oil, cream",Weight Loss,336,6,57,3,26,14
"sugar, refined flour, mayonnaise",Weight Gain,473,6,53,4,17,28
"lentils, flax seeds, almond, broccoli",Weight Loss,107,16,29,10,5,5
"cream, vegetable oil, milk solids, refined flour, ice cream",Weight Gain,450,10,47,3,18,19
"palm oil, chocolate, ice cream, cheese powder",Weight Gain,357,7,41,2,28,16
"potato, cream, butter, corn syrup, palm oil",Weight Gain,529,5,41,3,29,10
"chia seeds, green tea extract, broccoli, flax seeds, lentils, cucumber",Weight Loss,148,18,30,4,4,5
"refined flour, sugar, mayonnaise, ice cream, yeast, milk solids",Weight Gain,585,8,56,2,18,29
"low fat yogurt, broccoli, apple, olive oil",Weight Gain,114,9,30,5,6,1
"berries, chia seeds, spinach powder, oats, flax seeds",Weight Loss,148,23,19,5,4,0
"quinoa, whey isolate, brown rice, olive oil",Weight Loss,159,19,22,7,8,2
"yeast, palm oil, milk solids, chocolate, sugar",Weight Gain,535,9,63,5,28,37
"corn syrup, sugar, ice cream",Weight Gain,524,9,40,1,28,18
"refined flour, mayonnaise, corn syrup",Weight Gain,558,6,48,3,25,24
"refined flour, yeast, salt, cheese powder, chocolate, vegetable oil, milk",Weight Gain,361,3,54,4,22,21
"salt, ice cream, potato",Weight Gain,503,6,41,2,18,22
"refined flour, vegetable oil, butter",Weight Gain,508,5,59,2,29,26
"ice cream, potato, palm oil, sugar, chocolate, salt",Weight Gain,394,4,53,1,24,12
"refined flour, cheese powder, yeast, butter, cream, mayonnaise",Weight Gain,335,6,62,1,16,38
"berries, whey isolate, tofu, bread",Weight Loss,106,17,22,9,3,4
"salt, vegetable oil, corn syrup, ice cream",Weight Gain,348,10,58,2,30,39
"sugar, salt, butter",Weight Gain,553,3,50,5,26,28
"corn syrup, palm oil, butter, salt",Weight Gain,352,10,46,4,30,27
"lentils, quinoa, chia seeds",Weight Loss,217,14,10,3,3,2
"quinoa, cucumber, whey isolate, flax seeds",Weight Loss,197,20,29,5,7,4
"butter, potato, refined flour",Weight Gain,429,8,66,5,20,31
"corn syrup, butter, refined flour, chocolate, vegetable oil",Weight Gain,514,10,42,5,16,33
"tofu, almond, spinach powder, chia seeds, olive oil",Weight Loss,192,17,27,5,5,4
"corn syrup, salt, chocolate, milk solids, palm oil, cream",Weight Gain,434,9,54,2,20,33
"potato, vegetable oil, corn syrup, butter, rice",Weight Gain,599,3,68,5,24,10
"flax seeds, olive oil, chia seeds, quinoa, cucumber, green tea extract",Weight Loss,189,18,18,4,8,5
"potato, vegetable oil, cream",Weight Gain,433,5,46,5,28,30
"corn syrup, yeast, salt, butter, potato, chocolate",Weight Gain,393,8,61,3,26,34
"cheese powder, butter, potato, palm oil, sugar, yeast",Weight Gain,374,7,60,2,20,31
"low fat yogurt, oats, brown rice, berries, flax seeds",Weight Loss,149,8,25,7,2,4
"cheese powder, sugar, palm oil, corn syrup, milk solids, cream",Weight Gain,396,5,57,2,17,32
"chocolate, salt, cream, cheese powder, mayonnaise",Weight Gain,532,10,54,1,17,24
"sugar, cream, chocolate",Weight Gain,545,3,51,2,16,12
"potato, sugar, yeast, vegetable oil",Weight Gain,590,8,52,2,25,38
"chocolate, palm oil, cheese powder",Weight Gain,453,4,58,2,16,10
"pea protein, oats, cucumber, berries, olive oil, spinach powder",Weight Loss,113,17,20,3,4,0
"pea protein, oats, lentils",Weight Loss,197,24,5,6,2,3
"cucumber, tofu, oats, rice",Weight Loss,149,19,6,4,5,0
"salt, butter, sugar, yeast, milk solids, palm oil",Weight Gain,339,6,63,1,29,36
"milk solids, vegetable oil, mayonnaise, chocolate",Weight Gain,363,9,66,1,28,35
"olive oil, bread, rice, onion, egg",Weight Gain,213,12,44,7,4,0
"cheese powder, chocolate, ice cream",Weight Gain,431,3,61,1,29,23
"almond, green tea extract, oats, low fat yogurt, pea protein",Weight Loss,106,16,19,10,4,2
"green tea extract, pea protein, quinoa, apple, berries",Weight Loss,141,25,6,8,4,0
"mayonnaise, yeast, milk solids, palm oil",Weight Gain,344,4,59,5,25,12
"whey isolate, brown rice, oats, berries, rice",Weight Loss,149,18,28,5,7,3
"green tea extract, apple, tofu, spinach powder",Weight Loss,156,24,22,7,2,3
"whey isolate, oats, quinoa",Weight Loss,194,13,28,7,8,3
"milk, bread, nuts, egg, onion",Weight Loss,228,14,10,3,2,4
"green tea extract, apple, olive oil",Weight Loss,219,17,18,5,7,1
"cucumber, pea protein, green tea extract, tofu",Weight Loss,245,17,10,4,2,5
"low fat yogurt, tofu, whey isolate",Weight Loss,100,17,13,7,6,0
"tofu, whey isolate, apple, broccoli, cucumber",Weight Gain,139,24,21,3,8,3
"cheese powder, cream, vegetable oil, corn syrup, palm oil, butter",Weight Gain,481,4,68,3,22,12
"milk solids, yeast, chocolate, butter",Weight Gain,583,6,64,5,15,33
"broccoli, olive oil, brown rice, chia seeds, spinach powder",Weight Loss,208,15,29,5,5,2
"milk solids, corn syrup, mayonnaise, salt",Weight Gain,316,3,45,4,21,19
"nuts, egg, milk, bread, rice",Weight Loss,393,17,18,2,9,7
"ice cream, chocolate, palm oil, mayonnaise",Weight Gain,583,10,70,3,17,39
"potato, yeast, refined flour, milk solids, cream, palm oil",Weight Gain,424,4,56,1,24,31
"broccoli, lentils, berries, whey isolate, low fat yogurt, quinoa",Weight Loss,147,23,14,7,3,0
"ice cream, chocolate, vegetable oil, yeast, potato, palm oil",Weight Gain,380,8,69,4,17,19
"chia seeds, spinach powder, quinoa",Weight Loss,248,25,30,10,8,3
"chia seeds, quinoa, flax seeds",Weight Loss,114,14,5,8,2,3
"sugar, potato, vegetable oil, milk solids, chocolate",Weight Gain,588,7,59,3,22,30
"apple, spinach powder, chia seeds, berries",Weight Loss,147,23,26,5,5,5
"vegetable oil, palm oil, cream, corn syrup, ice cream, mayonnaise",Weight Gain,438,6,66,1,28,35
"low fat yogurt, quinoa, flax seeds, brown rice",Weight Loss,218,9,23,5,3,1
"butter, sugar, milk solids, potato, yeast",Weight Gain,325,8,60,4,23,10
"quinoa, cucumber, oats, apple, brown rice",Weight Loss,231,24,7,9,8,3
"mayonnaise, cream, milk solids, olive oil",Weight Gain,585,7,51,2,30,30
"chocolate, cream, corn syrup",Weight Gain,362,4,54,3,21,15
"refined flour, vegetable oil, butter",Weight Gain,553,4,68,1,17,15
"yeast, corn syrup, palm oil, refined flour",Weight Gain,311,4,44,4,22,38
"green tea extract, almond, berries",Weight Loss,142,10,16,5,6,1
"spinach powder, flax seeds, whey isolate, berries, low fat yogurt",Weight Loss,109,10,28,7,2,1
"vegetable oil, corn syrup, milk solids, refined flour",Weight Gain,308,7,70,4,23,10
"palm oil, mayonnaise, cream, milk solids, salt, sugar",Weight Gain,454,4,60,4,24,28
"palm oil, chocolate, mayonnaise, sugar, milk solids, potato",Weight Gain,404,6,47,1,29,28
"cheese powder, milk solids, corn syrup, butter",Weight Gain,549,9,48,5,27,12
"oats, flax seeds, almond, spinach powder",Weight Loss,239,19,13,8,5,1
"refined flour, palm oil, potato, ice cream, yeast, cream",Weight Gain,523,8,59,1,21,10
"mayonnaise, chocolate, salt",Weight Gain,559,9,54,3,16,40
"ice cream, potato, salt, cream, vegetable oil, palm oil, tomato",Weight Gain,547,6,54,1,16,29
"lentils, oats, low fat yogurt, chia seeds, berries, green tea extract",Weight Loss,219,25,29,9,7,5
"tofu, pea protein, cucumber, whey isolate, oats, lentils",Weight Loss,225,15,8,7,7,1
"chocolate, salt, yeast, potato, vegetable oil, milk solids",Weight Gain,591,7,62,2,21,39
"chocolate, refined flour, potato",Weight Gain,396,10,63,4,30,22
"palm oil, milk solids, sugar, refined flour",Weight Loss,466,6,42,3,20,36
"palm oil, potato, chocolate, yeast, sugar, refined flour",Weight Gain,397,6,54,4,23,15
"pea protein, olive oil, almond, oats, cucumber, apple",Weight Loss,130,10,24,8,4,4
"palm oil, sugar, refined flour, vegetable oil, cream, corn syrup",Weight Gain,389,4,46,5,18,33
"whey isolate, cucumber, lentils",Weight Loss,139,17,29,7,3,1
"lentils, chia seeds, oats, low fat yogurt, olive oil",Weight Loss,203,19,23,5,8,0
"quinoa, pea protein, almond, broccoli",Weight Loss,164,12,22,10,5,2
"olive oil, tofu, oats, chia seeds, pea protein, green tea extract",Weight Loss,156,12,26,5,8,4
"chocolate, ice cream, palm oil",Weight Gain,428,4,61,4,26,22
"low fat yogurt, brown rice, oats, broccoli",Weight Loss,234,8,13,3,8,1
"olive oil, berries, apple, almond",Weight Loss,224,9,10,3,4,2
"sugar, milk solids, salt",Weight Gain,526,6,47,3,16,25
"refined flour, salt, ice cream, chocolate",Weight Gain,415,8,53,3,19,35
"refined flour, sugar, butter, nuts",Weight Gain,314,9,59,4,24,18
"apple, broccoli, lentils",Weight Loss,245,25,6,7,8,2
"green tea extract, almond, apple, brown rice",Weight Loss,148,25,13,3,6,2
"flax seeds, oats, cucumber, almond, olive oil, brown rice",Weight Loss,241,17,21,8,7,4
"yeast, butter, chocolate",Weight Gain,493,5,55,2,17,35
"mayonnaise, palm oil, cheese powder, salt, sugar",Weight Gain,381,9,47,1,25,37
"almond, quinoa, green tea extract",Weight Loss,142,16,18,6,4,5
"potato, chocolate, butter",Weight Gain,399,3,70,3,30,35
"chocolate, potato, butter, salt",Weight Gain,498,3,48,4,18,24
"refined flour, potato, yeast, vegetable oil",Weight Gain,440,3,48,3,27,39
"flax seeds, olive oil, broccoli, oats, pea protein, green tea extract",Weight Loss,120,10,5,7,4,2
"oats, flax seeds, apple, berries, lentils",Weight Loss,225,11,30,6,3,2
"cream, ice cream, corn syrup",Weight Gain,568,7,49,2,22,38
"palm oil, salt, ice cream, butter, vegetable oil",Weight Gain,529,9,65,4,28,38
"whey isolate, olive oil, quinoa, spinach powder, green tea extract, apple",Weight Loss,147,17,19,5,5,1
"butter, cheese powder, cream, refined flour",Weight Gain,394,3,51,3,22,20
"whey isolate, green tea extract, oats",Weight Loss,143,16,21,6,2,5
"milk solids, cheese powder, palm oil, butter, nuts",Weight Gain,387,8,59,1,17,18
"corn syrup, sugar, vegetable oil, yeast, cream, chocolate",Weight Gain,565,6,51,1,25,30
"milk solids, butter, cream, cheese powder",Weight Gain,485,5,42,2,21,20
"cream, palm oil, sugar, butter, yeast",Weight Gain,531,5,55,2,16,15
"berries, oats, low fat yogurt, cucumber, chia seeds, flax seeds",Weight Loss,187,14,12,6,8,4
"potato, palm oil, cream, corn syrup",Weight Gain,557,10,43,1,16,29
"potato, sugar, vegetable oil, milk solids, corn syrup",Weight Gain,545,6,53,1,26,34
"salt, vegetable oil, potato",Weight Gain,396,4,62,5,20,22
"salt, mayonnaise, butter, potato, cheese powder, milk solids, olive oil",Weight Gain,308,5,43,4,30,38
"tofu, green tea extract, olive oil, cucumber, flax seeds, almond",Weight Loss,174,20,27,7,8,0
"sugar, potato, ice cream, palm oil, refined flour",Weight Gain,586,5,70,1,25,37
"milk solids, palm oil, butter, cheese powder, chocolate",Weight Gain,371,6,68,2,19,20
"ice cream, mayonnaise, cream",Weight Gain,394,5,70,1,24,40
"olive oil, flax seeds, brown rice, almond, berries, whey isolate",Weight Loss,225,16,19,10,7,1
"brown rice, berries, cucumber, tofu",Weight Loss,108,21,12,9,3,5
"whey isolate, lentils, almond, chia seeds",Weight Loss,175,19,15,4,7,1
"olive oil, chia seeds, tofu, low fat yogurt, flax seeds, bread",Weight Loss,149,9,28,6,5,5
"cheese powder, sugar, cream",Weight Gain,591,3,64,2,17,30
"apple, almond, brown rice, low fat yogurt, onion",Weight Loss,214,17,7,4,7,3
"olive oil, low fat yogurt, lentils, green tea extract, quinoa, chia seeds",Weight Loss,192,19,7,5,5,5
"tofu, oats, broccoli",Weight Loss,170,10,22,8,7,4
"low fat yogurt, chia seeds, whey isolate, quinoa, bread",Weight Loss,204,10,11,6,2,0
"quinoa, green tea extract, spinach powder, broccoli, low fat yogurt",Weight Loss,138,12,25,10,4,1
"refined flour, cheese powder, chocolate, milk solids, cream",Weight Gain,591,10,55,1,18,38
"potato, vegetable oil, ice cream, milk solids",Weight Gain,306,10,58,1,24,29
"cream, chocolate, salt",Weight Gain,599,9,42,4,20,21
"cucumber, low fat yogurt, tofu",Weight Loss,179,10,22,5,5,0
"bread, egg, olive oil, nuts, rice",Weight Loss,224,13,35,5,11,1
"broccoli, berries, chia seeds, green tea extract, apple, whey isolate, olive oil",Weight Loss,206,25,15,9,5,5
"yeast, corn syrup, cream, ice cream, milk solids, cheese powder, rice",Weight Gain,417,8,57,4,22,28
"cucumber, low fat yogurt, brown rice",Weight Loss,127,23,5,6,2,4
"milk solids, chocolate, salt, refined flour, butter, yeast",Weight Gain,301,9,62,1,17,27
"chocolate, palm oil, mayonnaise, cream",Weight Gain,496,5,57,4,28,37
"vegetable oil, cheese powder, yeast, cream, mayonnaise",Weight Gain,474,3,43,2,18,24
"tofu, almond, chia seeds, berries, cucumber, quinoa",Weight Loss,111,13,23,7,3,0
"apple, flax seeds, almond, cucumber, berries",Weight Loss,191,19,16,4,7,4
"rice, bread, milk, egg, olive oil",Weight Loss,297,16,49,3,14,0
"spinach powder, pea protein, brown rice, cucumber, berries, low fat yogurt",Weight Loss,127,15,26,8,3,1
"yeast, ice cream, chocolate, butter, vegetable oil",Weight Gain,500,10,40,3,25,15
"mayonnaise, cheese powder, butter, palm oil",Weight Gain,491,3,55,1,23,22
"palm oil, refined flour, cheese powder, salt, milk solids, sugar",Weight Gain,460,10,58,2,23,11
"milk solids, refined flour, yeast, potato, chocolate",Weight Gain,438,9,62,1,17,13
"oats, flax seeds, almond",Weight Loss,134,14,12,8,4,2
"cucumber, spinach powder, lentils",Weight Loss,141,20,18,9,6,2
"green tea extract, broccoli, spinach powder, chia seeds",Weight Loss,166,25,23,6,2,4
"sugar, chocolate, milk solids",Weight Gain,484,3,60,1,26,24
"mayonnaise, palm oil, yeast, butter, cream, corn syrup",Weight Gain,458,7,54,2,30,26
"broccoli, low fat yogurt, pea protein",Weight Loss,174,16,6,7,4,1
"cream, yeast, chocolate, cheese powder, salt, milk solids",Weight Gain,410,3,50,4,26,37
"lentils, cucumber, apple",Weight Loss,127,14,11,4,6,5
"flax seeds, spinach powder, cucumber, apple, broccoli",Weight Loss,140,20,9,6,7,1
"cucumber, green tea extract, brown rice, spinach powder, tofu, lentils",Weight Loss,203,21,16,7,2,3
"whey isolate, lentils, green tea extract, tofu",Weight Loss,200,13,16,3,8,0
"vegetable oil, refined flour, cheese powder",Weight Gain,526,9,69,4,22,16
"flax seeds, apple, oats, olive oil",Weight Loss,109,12,16,7,4,1
"milk solids, cream, sugar, ice cream",Weight Gain,483,6,66,3,22,32
"corn syrup, vegetable oil, milk solids, cheese powder, potato, sugar",Weight Gain,344,4,53,3,22,30
"mayonnaise, sugar, corn syrup, ice cream",Weight Gain,558,3,69,3,16,11
"corn syrup, cream, mayonnaise, refined flour, vegetable oil",Weight Gain,485,10,64,4,27,36
"salt, cheese powder, milk solids, butter, ice cream",Weight Gain,575,3,41,5,23,11
"oats, tofu, lentils, flax seeds, almond",Weight Loss,102,19,27,10,7,2
"butter, yeast, corn syrup, ice cream, mayonnaise, milk solids",Weight Gain,320,8,59,1,18,40
"bread, olive oil, onion, milk, tomato",Weight Loss,371,14,45,6,4,6
"salt, chocolate, palm oil, yeast, corn syrup, butter",Weight Gain,390,9,55,2,18,32
"berries, chia seeds, low fat yogurt, flax seeds, quinoa",Weight Loss,171,10,11,4,7,4
"oats, olive oil, spinach powder, pea protein, brown rice",Weight Loss,213,8,14,5,6,0
"sugar, milk solids, chocolate, mayonnaise, refined flour",Weight Gain,318,9,44,3,26,29
"nuts, milk, bread, olive oil, tomato",Weight Loss,302,9,11,4,8,3
"corn syrup, potato, chocolate, ice cream, mayonnaise",Weight Gain,595,8,70,1,24,30
"salt, cream, mayonnaise, ice cream",Weight Gain,593,9,47,3,26,19
"tomato, olive oil, onion, milk, bread",Weight Loss,221,11,18,3,8,1
"olive oil, apple, lentils",Weight Loss,129,13,5,9,7,2
"potato, cheese powder, chocolate",Weight Gain,301,8,67,1,18,33
"chia seeds, oats, whey isolate",Weight Loss,221,13,6,5,7,0
"mayonnaise, butter, chocolate, yeast, sugar, corn syrup",Weight Gain,457,9,54,1,21,30
"potato, milk solids, corn syrup, sugar",Weight Gain,426,10,47,3,29,21
"butter, salt, yeast, sugar",Weight Gain,404,10,57,3,18,29
"oats, flax seeds, berries, egg",Weight Loss,144,10,11,10,6,5
"flax seeds, almond, brown rice, cucumber",Weight Loss,197,20,6,8,6,1
"nuts, olive oil, onion, tomato, rice",Weight Gain,203,14,18,2,13,4
"butter, corn syrup, chocolate, cheese powder",Weight Gain,474,3,52,3,28,12
"cucumber, oats, flax seeds",Weight Loss,173,20,12,3,3,4
"broccoli, cucumber, flax seeds, whey isolate, pea protein, oats",Weight Loss,206,20,26,3,8,5
"spinach powder, green tea extract, tofu, olive oil, brown rice, chia seeds",Weight Loss,250,11,16,7,8,1
"low fat yogurt, cucumber, green tea extract, pea protein, brown rice, apple",Weight Loss,149,15,5,10,4,3
"apple, oats, low fat yogurt, olive oil",Weight Loss,165,24,6,10,3,3
"broccoli, low fat yogurt, flax seeds",Weight Loss,153,24,23,3,3,5
"cheese powder, corn syrup, palm oil",Weight Gain,576,3,48,4,23,34
"olive oil, berries, almond",Weight Loss,197,19,19,7,5,3
"brown rice, apple, spinach powder, tofu, green tea extract, flax seeds",Weight Loss,233,25,24,3,4,4
"chia seeds, oats, whey isolate, green tea extract, low fat yogurt",Weight Loss,190,23,14,10,8,5
"brown rice, broccoli, cucumber",Weight Loss,124,13,7,4,7,3
"almond, berries, chia seeds, tofu, flax seeds",Weight Loss,178,24,19,9,5,1
"butter, potato, chocolate, cheese powder, palm oil",Weight Gain,360,4,60,3,21,12
"lentils, flax seeds, chia seeds, olive oil, apple",Weight Loss,184,11,22,9,3,0
"vegetable oil, sugar, ice cream",Weight Gain,366,6,54,2,16,29
"whey isolate, pea protein, quinoa",Weight Loss,230,10,24,8,2,4
"oats, broccoli, whey isolate, apple, green tea extract",Weight Loss,249,8,26,8,7,3
"refined flour, milk solids, butter, yeast, cream, salt, milk",Weight Gain,517,4,53,1,30,21
"pea protein, olive oil, apple, tofu, flax seeds",Weight Loss,118,20,26,3,6,0
"chocolate, corn syrup, salt, refined flour, sugar",Weight Gain,500,9,62,3,21,34
"berries, cucumber, olive oil, quinoa, flax seeds, low fat yogurt",Weight Loss,191,17,30,3,8,4
"cheese powder, mayonnaise, ice cream, palm oil, refined flour",Weight Gain,303,10,65,1,21,14
"whey isolate, cucumber, pea protein",Weight Loss,194,12,15,4,8,4
"onion, nuts, egg, rice, bread",Weight Gain,219,10,35,4,12,2
"brown rice, oats, spinach powder, low fat yogurt, pea protein",Weight Loss,171,22,29,4,2,5
"vegetable oil, corn syrup, cream, butter, onion",Weight Gain,535,4,41,4,28,15
"chia seeds, spinach powder, broccoli",Weight Loss,210,25,22,5,8,0
"sugar, corn syrup, milk solids",Weight Gain,532,6,68,1,20,35
"spinach powder, broccoli, quinoa, chia seeds",Weight Loss,164,10,9,6,8,3
"refined flour, vegetable oil, chocolate, palm oil, salt",Weight Gain,384,7,52,4,16,23
"cucumber, low fat yogurt, oats, pea protein, whey isolate",Weight Loss,135,14,25,7,5,1
"corn syrup, butter, cheese powder, sugar, chocolate",Weight Gain,407,3,59,4,18,28
"chia seeds, brown rice, almond, flax seeds, broccoli, lentils",Weight Loss,192,15,17,9,6,1
"cucumber, almond, olive oil, low fat yogurt",Weight Loss,209,19,18,6,6,3
"chocolate, cream, palm oil, mayonnaise, cheese powder, milk solids",Weight Gain,465,5,59,1,29,12
"olive oil, brown rice, oats",Weight Loss,178,8,17,7,2,3
"salt, ice cream, refined flour",Weight Gain,487,4,49,5,28,11
"ice cream, cheese powder, palm oil, butter, corn syrup",Weight Gain,407,5,51,1,16,40
"whey isolate, quinoa, olive oil, pea protein, cucumber, apple",Weight Loss,227,20,13,3,4,2
"pea protein, broccoli, tofu, oats, brown rice",Weight Loss,127,17,5,8,6,5
"butter, sugar, salt",Weight Gain,322,3,66,2,26,30
"mayonnaise, milk solids, potato",Weight Gain,567,8,66,3,18,21
"corn syrup, cream, butter, refined flour, sugar, vegetable oil",Weight Gain,559,10,42,4,20,26
"broccoli, berries, oats",Weight Loss,196,17,20,6,8,5
"almond, apple, cucumber",Weight Loss,193,11,7,6,2,1
"low fat yogurt, almond, broccoli, tofu, berries",Weight Loss,113,23,5,4,8,5
"sugar, cream, cheese powder, chocolate, nuts",Weight Gain,460,6,46,3,27,26
"lentils, tofu, whey isolate",Weight Loss,107,14,27,9,5,3
"chocolate, milk solids, mayonnaise",Weight Gain,438,10,60,1,16,40
"cream, butter, chocolate, sugar",Weight Gain,379,8,61,1,28,11
"cream, mayonnaise, cheese powder",Weight Gain,558,10,47,5,17,34
"berries, olive oil, lentils, apple, cucumber, brown rice",Weight Loss,164,14,17,9,8,4
"sugar, ice cream, cream, potato",Weight Gain,463,10,55,4,23,31
"berries, apple, quinoa, almond, olive oil",Weight Loss,115,25,15,4,5,1
"sugar, ice cream, palm oil, cream",Weight Gain,366,5,60,3,27,28
"mayonnaise, ice cream, chocolate, butter, milk solids, vegetable oil",Weight Gain,482,6,61,1,18,23
"spinach powder, pea protein, berries",Weight Loss,160,25,14,10,3,3
"quinoa, spinach powder, brown rice, broccoli",Weight Loss,228,11,14,4,8,3
"sugar, yeast, mayonnaise, palm oil, chocolate",Weight Gain,410,10,67,3,29,26
"spinach powder, brown rice, pea protein",Weight Loss,177,22,16,3,4,0
"apple, lentils, spinach powder, olive oil",Weight Loss,150,14,27,4,7,5
"mayonnaise, sugar, vegetable oil, cheese powder, corn syrup, chocolate",Weight Gain,441,7,53,4,29,25
"salt, chocolate, vegetable oil, sugar, cream, corn syrup",Weight Gain,353,10,48,4,16,39
"quinoa, chia seeds, green tea extract, apple, lentils, broccoli",Weight Loss,222,21,8,3,8,4
"berries, pea protein, apple, tofu, whey isolate",Weight Loss,200,12,7,4,3,0
"cream, yeast, butter, vegetable oil, olive oil",Weight Gain,336,10,55,5,18,20
"flax seeds, cucumber, olive oil, lentils",Weight Loss,140,21,13,5,7,4
"bread, olive oil, nuts, egg, tomato",Weight Gain,313,10,29,6,14,3
"cream, potato, yeast",Weight Gain,319,8,70,1,29,33
"oats, chia seeds, spinach powder",Weight Loss,161,18,15,4,7,5
"quinoa, low fat yogurt, apple, almond, cucumber, nuts",Weight Loss,113,15,25,10,7,2
"potato, yeast, sugar, chocolate",Weight Gain,405,8,60,1,23,12
"cheese powder, butter, milk solids, potato, corn syrup",Weight Gain,505,3,54,1,27,16
"palm oil, chocolate, mayonnaise, sugar",Weight Gain,341,3,67,5,17,30
"low fat yogurt, oats, broccoli",Weight Loss,141,15,23,3,4,5
"oats, cucumber, brown rice, spinach powder",Weight Loss,186,12,15,4,5,4
"olive oil, tofu, cucumber, quinoa, rice",Weight Loss,123,11,8,10,7,4
"apple, brown rice, olive oil",Weight Loss,152,13,27,9,4,3
"potato, mayonnaise, vegetable oil",Weight Gain,529,6,54,4,15,31
"lentils, green tea extract, pea protein, berries",Weight Loss,212,18,30,8,6,0
"lentils, tofu, pea protein",Weight Loss,164,20,12,7,2,1
"berries, oats, pea protein, brown rice, whey isolate",Weight Loss,185,16,24,3,4,4
"salt, corn syrup, palm oil, egg",Weight Gain,341,6,48,4,15,38
"olive oil, pea protein, flax seeds",Weight Loss,183,9,13,4,5,0
"olive oil, green tea extract, lentils, berries, apple, spinach powder",Weight Loss,173,23,29,5,5,3
"flax seeds, spinach powder, berries, almond, oats",Weight Loss,221,22,7,3,6,2
"green tea extract, berries, almond, low fat yogurt, pea protein, cucumber",Weight Loss,147,10,8,7,7,2
"oats, green tea extract, spinach powder, olive oil, broccoli, berries",Weight Loss,118,23,22,9,4,0
"olive oil, tomato, bread, egg, milk",Weight Gain,236,5,30,5,14,1
"chia seeds, spinach powder, broccoli, oats, almond",Weight Loss,193,10,16,9,8,0
"cucumber, brown rice, oats, almond",Weight Loss,214,13,26,8,8,5
"salt, cheese powder, refined flour",Weight Gain,568,3,46,1,25,36
"apple, oats, low fat yogurt, tofu, spinach powder",Weight Loss,160,13,9,8,6,3
"yeast, butter, potato, nuts",Weight Gain,585,10,61,5,21,11
"chocolate, vegetable oil, corn syrup, palm oil, cheese powder, potato",Weight Gain,560,7,51,3,30,40
"low fat yogurt, olive oil, green tea extract",Weight Loss,208,23,16,7,8,3
"cream, corn syrup, vegetable oil, potato",Weight Gain,354,10,45,5,18,32
"milk solids, chocolate, sugar",Weight Gain,330,9,58,3,29,28
"vegetable oil, butter, cream, refined flour, ice cream, yeast",Weight Gain,463,5,68,2,29,27
"pea protein, almond, apple, green tea extract, low fat yogurt, tofu",Weight Loss,153,24,19,8,3,0
"cream, yeast, mayonnaise",Weight Gain,567,5,52,4,20,34
"spinach powder, lentils, brown rice, chia seeds, olive oil",Weight Loss,217,9,12,7,5,1
"bread, tomato, olive oil, onion, nuts",Weight Loss,385,5,26,3,9,0
"flax seeds, broccoli, green tea extract, low fat yogurt, cucumber",Weight Loss,143,11,23,3,2,3
"corn syrup, palm oil, ice cream, vegetable oil, chocolate, refined flour",Weight Gain,497,10,55,3,28,12
"salt, palm oil, ice cream",Weight Gain,434,8,46,2,23,25
"whey isolate, green tea extract, broccoli",Weight Loss,126,16,13,3,7,0
"palm oil, corn syrup, cream, potato, milk solids, cheese powder",Weight Gain,405,3,70,4,16,19
"tofu, lentils, broccoli, whey isolate",Weight Loss,212,18,21,9,3,1
"broccoli, lentils, quinoa, chia seeds, tofu, berries",Weight Loss,244,25,18,6,8,5
"salt, mayonnaise, milk solids, palm oil, corn syrup, cheese powder",Weight Gain,461,7,50,3,27,13
"oats, tofu, almond, chia seeds, whey isolate, egg",Weight Loss,158,18,30,10,2,2
"vegetable oil, butter, ice cream",Weight Gain,472,9,65,2,27,26
"almond, green tea extract, olive oil, flax seeds",Weight Loss,190,18,10,9,4,0
"cream, potato, ice cream",Weight Gain,359,4,47,1,18,32
"whey isolate, brown rice, spinach powder, lentils, broccoli",Weight Loss,224,25,14,8,7,3
"milk solids, butter, corn syrup, yeast, salt",Weight Gain,497,5,53,4,26,34
"oats, apple, chia seeds, pea protein, almond, cucumber",Weight Loss,172,24,26,8,3,4
"almond, chia seeds, pea protein, quinoa, olive oil, apple",Weight Loss,221,21,7,4,8,1
"palm oil, mayonnaise, vegetable oil, cream, chocolate, butter",Weight Gain,576,8,64,2,21,36
"potato, vegetable oil, refined flour, cheese powder, ice cream, corn syrup",Weight Gain,369,10,47,2,20,22
"brown rice, quinoa, lentils, chia seeds, oats",Weight Loss,223,12,23,4,6,2
"quinoa, oats, olive oil, pea protein, chia seeds, low fat yogurt",Weight Loss,101,15,21,4,2,5
"apple, flax seeds, low fat yogurt, brown rice, almond, berries",Weight Loss,188,9,20,8,4,1
"spinach powder, chia seeds, quinoa, green tea extract",Weight Loss,119,16,20,4,7,0
"palm oil, refined flour, potato, sugar, ice cream, mayonnaise, onion",Weight Gain,483,6,52,1,18,34
"green tea extract, almond, chia seeds",Weight Loss,140,13,27,4,5,0
"cheese powder, corn syrup, yeast, milk solids",Weight Gain,568,3,65,2,25,38
"flax seeds, apple, olive oil",Weight Loss,187,18,23,5,8,1
"mayonnaise, palm oil, cream, butter",Weight Gain,562,5,44,4,21,19
"chocolate, ice cream, butter, milk solids, vegetable oil, sugar",Weight Gain,456,4,60,3,19,20
"mayonnaise, refined flour, cheese powder, corn syrup, butter, milk solids",Weight Gain,350,9,62,2,28,24
"ice cream, cheese powder, potato",Weight Gain,351,9,58,3,29,39
"pea protein, green tea extract, oats, berries, apple, low fat yogurt",Weight Loss,200,15,29,9,4,3
"egg, rice, nuts, olive oil, milk",Weight Gain,223,14,43,2,8,8
"olive oil, broccoli, low fat yogurt, berries",Weight Loss,200,15,14,6,2,5
"low fat yogurt, berries, oats, brown rice",Weight Loss,128,24,18,5,8,0
"almond, flax seeds, whey isolate, chia seeds",Weight Loss,178,23,9,3,6,5
"tofu, pea protein, chia seeds, cucumber, almond, olive oil",Weight Loss,178,22,23,3,5,1
"apple, oats, brown rice, flax seeds, chia seeds",Weight Loss,188,19,16,5,4,1
"egg, nuts, rice, bread, milk",Weight Gain,345,6,12,7,3,9
"whey isolate, flax seeds, broccoli, cucumber",Weight Loss,107,15,25,3,4,5
"potato, ice cream, palm oil, yeast, cream, cheese powder",Weight Gain,305,4,61,4,24,19
"corn syrup, palm oil, ice cream, cream, milk solids, chocolate",Weight Gain,458,8,66,2,28,32
"ice cream, vegetable oil, milk solids, cream, refined flour, palm oil",Weight Gain,470,3,44,2,22,31
"oats, almond, quinoa, olive oil",Weight Loss,182,11,18,4,7,5
"broccoli, almond, spinach powder, apple",Weight Loss,182,25,5,3,4,1
"butter, palm oil, milk solids, yeast, vegetable oil, cheese powder",Weight Gain,495,8,69,5,30,27
"oats, almond, tofu, broccoli",Weight Gain,112,17,19,9,6,2
"salt, mayonnaise, palm oil, ice cream, sugar, chocolate",Weight Gain,417,4,54,5,23,13
"onion, egg, tomato, milk, rice",Weight Loss,327,19,45,2,13,6
"refined flour, ice cream, palm oil",Weight Gain,377,10,56,4,24,26
"almond, lentils, oats, green tea extract, cucumber",Weight Loss,153,17,27,9,2,5
"cucumber, broccoli, lentils, olive oil",Weight Loss,145,25,24,3,6,1
"tofu, green tea extract, cucumber, quinoa, chia seeds",Weight Loss,154,22,16,9,3,1
"chocolate, ice cream, salt",Weight Gain,384,7,69,4,15,22
"chocolate, refined flour, palm oil, ice cream, milk solids, salt",Weight Gain,301,6,53,1,16,20
"olive oil, berries, quinoa, spinach powder, green tea extract, lentils",Weight Loss,199,21,5,8,3,2
"milk solids, yeast, mayonnaise, palm oil, butter, bread",Weight Gain,311,4,59,1,26,12
"ice cream, cream, butter, salt, palm oil",Weight Gain,477,6,40,3,26,23
"vegetable oil, sugar, refined flour, milk solids",Weight Gain,344,10,55,2,21,24
"chocolate, butter, potato, mayonnaise, vegetable oil",Weight Gain,457,3,42,5,27,21
"brown rice, green tea extract, quinoa",Weight Loss,134,11,27,3,4,0
"corn syrup, refined flour, yeast, vegetable oil, chocolate, butter",Weight Gain,477,4,60,5,22,33
"brown rice, quinoa, flax seeds, almond, olive oil, tofu",Weight Loss,211,17,13,6,6,2
"tofu, low fat yogurt, apple",Weight Loss,227,18,7,10,6,1
"olive oil, egg, nuts, rice, tomato",Weight Gain,339,13,45,5,3,6
"cucumber, lentils, low fat yogurt, chia seeds, almond",Weight Loss,208,22,5,3,6,3
"butter, cheese powder, mayonnaise, palm oil, egg",Weight Gain,489,4,61,4,27,12
"cucumber, tofu, flax seeds, apple",Weight Loss,153,12,14,5,3,3
"corn syrup, sugar, milk solids, mayonnaise",Weight Gain,436,7,66,5,17,22
"chia seeds, apple, olive oil, berries",Weight Loss,238,8,15,7,5,0
"quinoa, pea protein, lentils, rice",Weight Loss,178,9,30,7,8,5
"milk solids, salt, butter, mayonnaise, ice cream",Weight Gain,401,7,58,1,29,27
"broccoli, whey isolate, brown rice, lentils, oats",Weight Loss,131,14,22,10,5,0
"yeast, butter, chocolate, palm oil, cream, potato",Weight Gain,309,4,64,1,22,32
"butter, sugar, corn syrup, cream, vegetable oil, tomato",Weight Gain,409,6,68,1,26,30
"milk solids, cheese powder, ice cream, mayonnaise, cream, butter",Weight Gain,580,8,46,5,24,19
"flax seeds, olive oil, pea protein, cucumber",Weight Loss,174,11,13,5,3,2
"potato, milk solids, butter, corn syrup",Weight Gain,329,10,61,2,20,13
"brown rice, lentils, cucumber",Weight Loss,170,12,14,5,5,0
"brown rice, apple, pea protein",Weight Loss,105,13,5,8,7,0
"almond, spinach powder, tofu, brown rice, oats",Weight Loss,176,20,15,6,5,4
"chocolate, sugar, potato",Weight Gain,520,3,42,2,27,12
"chocolate, yeast, salt, sugar",Weight Gain,549,7,50,1,18,29
"green tea extract, cucumber, spinach powder, chia seeds",Weight Loss,231,10,10,6,3,4
"cheese powder, yeast, cream, butter",Weight Gain,301,3,64,5,30,29
"chocolate, corn syrup, yeast, egg",Weight Gain,527,9,50,4,25,14
"pea protein, spinach powder, cucumber",Weight Loss,134,23,6,6,7,1
"chocolate, ice cream, potato, palm oil",Weight Gain,455,3,42,4,25,18
"olive oil, tofu, green tea extract",Weight Loss,241,14,27,10,2,2
"berries, brown rice, almond, lentils",Weight Loss,195,9,22,6,3,2
"flax seeds, oats, low fat yogurt",Weight Loss,133,20,21,8,7,0
"quinoa, cucumber, almond, olive oil",Weight Loss,155,12,14,4,4,1
"sugar, vegetable oil, potato, milk solids, salt, mayonnaise",Weight Gain,410,3,48,3,29,10
"chocolate, potato, vegetable oil, mayonnaise, sugar",Weight Gain,341,8,68,2,28,25
"yeast, corn syrup, salt",Weight Gain,452,8,48,5,15,33
"cheese powder, refined flour, milk solids, corn syrup",Weight Gain,558,3,60,4,17,29
"chocolate, cheese powder, cream, salt, butter",Weight Gain,344,4,59,5,25,13
"salt, potato, corn syrup, butter, chocolate",Weight Gain,555,6,44,3,24,32
"mayonnaise, cheese powder, sugar, vegetable oil",Weight Gain,510,10,68,2,18,19
"berries, green tea extract, low fat yogurt, broccoli, quinoa, flax seeds",Weight Loss,210,18,7,7,2,1
"vegetable oil, milk solids, chocolate, cream, palm oil",Weight Gain,417,6,43,1,18,11
"berries, pea protein, almond",Weight Loss,224,11,29,5,5,1
"brown rice, cucumber, berries",Weight Loss,142,19,19,7,4,4
"spinach powder, green tea extract, whey isolate, quinoa, almond, olive oil",Weight Loss,147,9,29,8,5,5
"apple, quinoa, tofu, berries",Weight Loss,138,11,29,7,2,5
"ice cream, cheese powder, salt, mayonnaise, palm oil",Weight Gain,345,10,62,1,16,40
"whey isolate, broccoli, chia seeds, berries, olive oil",Weight Loss,223,11,5,5,8,2
"spinach powder, brown rice, olive oil",Weight Loss,195,9,30,4,8,1
"cream, palm oil, corn syrup",Weight Gain,568,3,67,5,25,37
"corn syrup, mayonnaise, cream, egg",Weight Gain,384,10,47,3,28,30
"cheese powder, salt, milk solids",Weight Gain,568,9,70,1,16,38
"potato, vegetable oil, salt, milk solids",Weight Gain,469,4,46,5,22,38
"olive oil, broccoli, chia seeds",Weight Loss,168,25,19,9,4,4
"ice cream, palm oil, mayonnaise, cream, vegetable oil, butter, onion",Weight Gain,533,9,43,2,25,38
"chia seeds, broccoli, whey isolate, olive oil",Weight Loss,219,23,21,8,3,5
"chocolate, cheese powder, butter",Weight Gain,580,7,58,2,26,17
"ice cream, cheese powder, potato",Weight Gain,534,5,64,3,27,37
"whey isolate, quinoa, apple, broccoli",Weight Loss,138,17,10,9,2,5
"broccoli, spinach powder, berries, chia seeds, almond, tofu",Weight Loss,112,19,5,9,7,5
"yeast, potato, palm oil",Weight Gain,318,10,70,2,16,26
"olive oil, flax seeds, whey isolate, broccoli",Weight Loss,223,15,30,7,2,0
"mayonnaise, salt, vegetable oil",Weight Gain,333,7,40,1,24,33
"flax seeds, chia seeds, spinach powder, oats, tofu",Weight Loss,197,18,21,5,6,5
"almond, cucumber, oats, quinoa, apple, berries",Weight Loss,164,10,9,6,8,4
"onion, milk, nuts, egg, tomato",Weight Gain,308,9,34,2,5,8
"sugar, vegetable oil, corn syrup, salt, potato, cream",Weight Gain,451,5,57,4,21,17
"cucumber, lentils, low fat yogurt, green tea extract, apple, berries",Weight Loss,171,11,5,3,5,3
"egg, nuts, onion, milk, tomato",Weight Loss,239,16,43,3,12,2
"apple, broccoli, spinach powder",Weight Loss,215,22,28,4,6,3
"whey isolate, almond, olive oil",Weight Loss,158,11,5,5,6,5
"pea protein, brown rice, low fat yogurt, spinach powder",Weight Loss,220,17,13,4,7,4
"chocolate, yeast, corn syrup, vegetable oil, mayonnaise",Weight Gain,593,6,46,2,21,14
"cream, yeast, vegetable oil, butter, refined flour",Weight Gain,416,6,66,2,22,15
"flax seeds, whey isolate, apple",Weight Loss,130,24,23,8,2,5
"olive oil, oats, spinach powder, low fat yogurt, cucumber, apple",Weight Loss,162,10,19,6,6,1
"corn syrup, chocolate, palm oil, potato, yeast, cream",Weight Gain,485,5,62,3,23,14
"lentils, flax seeds, chia seeds",Weight Loss,226,18,14,10,7,3
"cucumber, tofu, low fat yogurt, spinach powder, whey isolate, chia seeds, olive oil",Weight Loss,245,24,22,7,3,3
"vegetable oil, potato, refined flour, ice cream",Weight Gain,449,5,57,1,20,16
"cucumber, low fat yogurt, olive oil, brown rice, whey isolate",Weight Loss,131,13,16,3,6,0
"milk solids, butter, cheese powder, refined flour, potato, yeast",Weight Gain,382,3,56,4,20,19
"vegetable oil, cream, milk solids, yeast, chocolate",Weight Gain,537,9,60,5,19,26
"tofu, whey isolate, almond, lentils",Weight Loss,223,18,12,5,3,1
"brown rice, flax seeds, lentils",Weight Loss,221,16,11,3,2,2
"yeast, corn syrup, refined flour, cream",Weight Gain,590,10,44,4,29,25
"potato, cream, mayonnaise, vegetable oil, cheese powder",Weight Gain,397,7,58,2,30,35
"corn syrup, milk solids, chocolate, ice cream",Weight Gain,330,9,61,2,26,10
"chia seeds, broccoli, low fat yogurt, tofu, green tea extract, flax seeds",Weight Loss,100,12,30,7,4,4
"pea protein, flax seeds, berries, oats, quinoa",Weight Loss,133,16,19,3,5,4
"yeast, milk solids, cheese powder",Weight Gain,567,6,65,1,23,17
"vegetable oil, cheese powder, palm oil, refined flour, salt",Weight Gain,489,6,54,5,29,11
"low fat yogurt, brown rice, lentils, berries, flax seeds, apple",Weight Loss,114,16,13,5,6,1
"corn syrup, yeast, butter, mayonnaise, ice cream",Weight Gain,307,4,45,3,16,26
"flax seeds, tofu, green tea extract",Weight Loss,214,12,29,3,4,4
"milk solids, salt, sugar, butter",Weight Gain,454,3,40,1,27,27
"salt, cheese powder, sugar, cream, ice cream, milk solids",Weight Gain,475,7,56,4,24,21
"green tea extract, tofu, spinach powder, brown rice, oats, lentils, tomato",Weight Loss,163,11,18,4,6,5
"tofu, lentils, cucumber",Weight Loss,215,23,12,10,2,0
"spinach powder, oats, brown rice, broccoli, tofu, cucumber",Weight Loss,163,17,11,4,6,2
"refined flour, butter, salt",Weight Gain,472,5,55,1,17,20
"chocolate, salt, butter, ice cream, mayonnaise, vegetable oil",Weight Gain,479,6,63,2,17,22
"quinoa, oats, green tea extract, brown rice",Weight Loss,218,11,22,10,5,5
"lentils, low fat yogurt, spinach powder, olive oil, berries, broccoli",Weight Loss,215,15,20,8,6,2
"chia seeds, almond, whey isolate, pea protein",Weight Loss,138,15,22,3,6,1
"broccoli, almond, pea protein, brown rice, oats, olive oil",Weight Loss,123,20,8,3,7,4
"olive oil, quinoa, lentils, berries",Weight Loss,145,11,11,10,7,4
"chocolate, refined flour, milk solids, yeast, butter",Weight Gain,523,7,52,1,16,17
"quinoa, olive oil, flax seeds, almond, broccoli",Weight Loss,239,8,22,9,2,0
"broccoli, green tea extract, pea protein, spinach powder, tofu, quinoa",Weight Loss,227,9,6,3,8,0
"vegetable oil, ice cream, salt, palm oil, sugar, cheese powder",Weight Gain,417,6,52,4,23,26
"bread, olive oil, onion, egg, milk",Weight Loss,274,14,48,7,10,7
"green tea extract, broccoli, tofu, pea protein, oats",Weight Loss,247,11,14,3,8,0
"cheese powder, mayonnaise, yeast, refined flour, sugar",Weight Gain,476,3,46,1,15,39
"tofu, low fat yogurt, berries",Weight Loss,194,25,14,8,3,5
"tofu, almond, spinach powder, berries",Weight Loss,175,24,13,3,3,4
"milk solids, yeast, sugar, ice cream, salt, cream",Weight Gain,528,5,47,1,23,29
"almond, whey isolate, apple, pea protein, chia seeds, green tea extract",Weight Loss,126,18,6,8,4,5
"pea protein, spinach powder, flax seeds, quinoa, apple, brown rice",Weight Loss,239,20,10,4,5,3
"almond, spinach powder, brown rice, quinoa, broccoli",Weight Loss,198,13,5,7,6,5
"chocolate, mayonnaise, milk solids, ice cream, corn syrup",Weight Gain,580,10,63,2,15,21
"sugar, chocolate, cheese powder, butter",Weight Gain,375,7,53,4,19,11
"rice, olive oil, egg, bread, onion",Weight Loss,353,17,49,6,8,8
"whey isolate, quinoa, brown rice",Weight Loss,231,13,16,6,8,4
"potato, cream, chocolate, palm oil, bread",Weight Gain,323,9,54,3,26,16
"pea protein, whey isolate, chia seeds",Weight Loss,155,23,15,4,2,5
"refined flour, vegetable oil, ice cream, mayonnaise, potato",Weight Gain,561,9,54,1,27,16
"cream, palm oil, ice cream, butter",Weight Gain,304,10,53,1,27,15
"cheese powder, potato, corn syrup",Weight Gain,552,6,58,1,23,19
"lentils, quinoa, flax seeds, low fat yogurt, broccoli",Weight Loss,115,9,19,3,8,2
"corn syrup, mayonnaise, sugar",Weight Gain,525,4,51,3,20,30
"brown rice, oats, spinach powder",Weight Loss,103,19,7,9,5,4
"sugar, palm oil, corn syrup, vegetable oil, milk solids, cream",Weight Gain,508,7,68,3,28,40
"ice cream, salt, cheese powder, corn syrup",Weight Gain,471,3,69,1,20,38
"yeast, sugar, milk solids, palm oil, mayonnaise",Weight Gain,391,7,55,2,27,17
"corn syrup, milk solids, salt",Weight Gain,468,5,70,4,24,11
"mayonnaise, chocolate, vegetable oil, refined flour, yeast, milk solids",Weight Gain,427,7,57,2,22,36
"apple, chia seeds, flax seeds",Weight Loss,195,14,24,6,3,3
"pea protein, broccoli, berries, olive oil, oats",Weight Loss,243,12,8,9,3,1
"pea protein, lentils, olive oil, chia seeds, apple, flax seeds",Weight Loss,193,19,19,8,5,0
"vegetable oil, refined flour, mayonnaise",Weight Gain,481,4,60,1,24,36
"quinoa, low fat yogurt, spinach powder, whey isolate, green tea extract",Weight Loss,152,10,14,6,6,5
"milk, egg, nuts, tomato, olive oil",Weight Gain,236,18,34,6,7,8
"quinoa, whey isolate, oats, green tea extract, almond",Weight Loss,228,24,25,6,5,0
"olive oil, quinoa, chia seeds, spinach powder",Weight Loss,192,11,22,6,6,1
"flax seeds, tofu, broccoli, quinoa, green tea extract, pea protein",Weight Loss,120,17,24,4,3,1
"lentils, quinoa, broccoli, chia seeds",Weight Loss,183,22,18,10,7,2
"low fat yogurt, quinoa, flax seeds, spinach powder",Weight Loss,206,23,12,9,7,2
"apple, quinoa, tofu, berries, low fat yogurt",Weight Loss,170,17,15,7,4,3
"tomato, nuts, olive oil, rice, milk",Weight Gain,307,9,44,2,11,4
"ice cream, salt, milk solids, potato, yeast",Weight Gain,356,7,47,4,26,18
"berries, quinoa, whey isolate, flax seeds, pea protein, apple",Weight Loss,161,17,14,6,2,3
"tofu, lentils, oats, rice",Weight Loss,209,19,12,10,6,3
"vegetable oil, palm oil, salt, chocolate, refined flour, mayonnaise",Weight Gain,343,5,67,4,17,39
"palm oil, salt, butter, vegetable oil, sugar, corn syrup",Weight Gain,512,8,63,1,29,17
"corn syrup, refined flour, potato, butter, milk solids",Weight Gain,594,8,51,3,23,11
"whey isolate, chia seeds, lentils, low fat yogurt",Weight Loss,236,25,13,6,7,2
"lentils, chia seeds, almond, olive oil",Weight Loss,146,8,15,8,3,4
"vegetable oil, sugar, corn syrup, butter",Weight Gain,361,7,64,1,27,35
"yeast, salt, cheese powder, chocolate, milk solids, potato",Weight Gain,409,10,54,2,16,19
"sugar, yeast, mayonnaise, olive oil",Weight Gain,511,9,67,3,22,12
"cream, yeast, potato, cheese powder",Weight Gain,461,9,46,1,30,22
"green tea extract, tofu, berries, low fat yogurt, olive oil, chia seeds",Weight Loss,120,14,5,3,4,5
"lentils, apple, brown rice, oats, egg",Weight Loss,103,25,15,4,8,4
"chia seeds, brown rice, whey isolate",Weight Loss,162,20,8,4,7,1
"vegetable oil, milk solids, potato, ice cream, butter",Weight Gain,489,8,57,3,25,21
"vegetable oil, cream, palm oil, milk solids, butter, mayonnaise",Weight Gain,485,3,62,5,26,10
"yeast, chocolate, sugar",Weight Gain,510,3,70,5,26,40
"low fat yogurt, cucumber, green tea extract, whey isolate",Weight Loss,147,23,27,5,5,2
"chia seeds, pea protein, cucumber, tofu, olive oil, spinach powder",Weight Loss,219,10,10,9,4,5
"yeast, ice cream, corn syrup",Weight Gain,388,9,54,1,24,10
"sugar, vegetable oil, corn syrup, cream",Weight Gain,498,4,42,1,22,29
"refined flour, potato, salt, cheese powder, butter",Weight Gain,545,7,55,2,15,29
"lentils, oats, quinoa, whey isolate, pea protein",Weight Loss,101,25,10,5,6,4
"vegetable oil, chocolate, palm oil, yeast, sugar",Weight Gain,323,8,68,4,27,27
"tofu, olive oil, oats, flax seeds",Weight Loss,165,14,14,7,3,3
"chia seeds, almond, berries",Weight Loss,163,12,18,4,3,0
"sugar, salt, yeast, chocolate",Weight Gain,492,4,41,1,21,15
"palm oil, yeast, mayonnaise, cheese powder, refined flour",Weight Gain,330,7,47,4,25,26
"refined flour, vegetable oil, sugar, milk solids, corn syrup",Weight Gain,564,10,68,1,23,25
